<?xml version="1.0" encoding="UTF-8"?>
<!DOCTYPE mapper PUBLIC "-//mybatis.org//DTD Mapper 3.0//EN" "http://mybatis.org/dtd/mybatis-3-mapper.dtd">
<mapper namespace="com.hwagain.sp.process.mapper.ImProcessBatchProductMapper">

	<!-- 通用查询映射结果 -->
	<resultMap id="BaseResultMap" type="com.hwagain.sp.process.entity.ImProcessBatchProduct">
		<id column="fd_id" property="fdId" />
		<result column="im_process_id" property="imProcessId" />
		<result column="paper_no" property="paperNo" />
		<result column="class_no" property="classNo" />
		<result column="ration" property="ration" />
		<result column="wrinkle_rate" property="wrinkleRate" />
		<result column="layer" property="layer" />
		<result column="width" property="width" />
		<result column="diameter" property="diameter" />
		<result column="grade" property="grade" />
		<result column="reason" property="reason" />
		<result column="weight" property="weight" />
		<result column="product_date" property="productDate" />
		<result column="im_process_price_id" property="imProcessPriceId" />
		<result column="is_this_batch" property="isThisBatch" />
		<result column="status" property="status" />
		<result column="sale_status" property="saleStatus" />
	</resultMap>
	
	<insert id ="insertProcessProductBatch" parameterType="java.util.List" >
            insert into im_process_batch_product
            (fd_id,im_process_id,paper_no,class_no,ration,wrinkle_rate,layer,width,diameter,grade,reason,weight,product_date)
            values
             <foreach collection ="productList" item="item" index= "index" separator =",">
                 (
                 #{item.fdId},
                 #{item.imProcessId},
                 #{item.paperNo},
                 #{item.classNo},
                 #{item.ration},
                 #{item.wrinkleRate},
                 #{item.layer},
                 #{item.width},
                 #{item.diameter},
                 #{item.grade},
                 #{item.reason},
                 #{item.weight},
                 #{item.productDate}
                 )
             </foreach >
  	</insert >
  	<select id="getCollectProduct"  parameterType="Object" resultType="com.hwagain.sp.process.dto.ImProcessPriceListDto">
  		select class_no classNo,ration,wrinkle_rate wrinkleRate,layer,width,diameter,grade,sum(weight) weight,MIN(product_date) minProductDate,MAX(product_date) maxProductDate from im_process_batch_product 
			where im_process_batch_id=#{fdId}
			GROUP BY class_no,ration,wrinkle_rate,layer,width,diameter,grade
  	</select>
  	
  	<select id="getCollectProductById"  parameterType="Object" resultType="com.hwagain.sp.process.dto.ImProcessPriceListDto">
  		select class_no classNo,ration,wrinkle_rate wrinkleRate,layer,width,diameter,grade,sum(weight) weight,MIN(product_date) minProductDate,MAX(product_date) maxProductDate from im_process_batch_product 
			where fd_id in
			<foreach item="item" index="index" collection="list" open="(" separator="," close=")">  
				#{item}  
			</foreach> 
			GROUP BY class_no,ration,wrinkle_rate,layer,width,diameter,grade
  	</select>

</mapper>
