<?xml version="1.0" encoding="UTF-8"?>
<!DOCTYPE mapper PUBLIC "-//mybatis.org//DTD Mapper 3.0//EN" "http://mybatis.org/dtd/mybatis-3-mapper.dtd">
<mapper namespace="com.hwagain.sp.process.mapper.ImProcessMapper">

	<!-- 通用查询映射结果 -->
	<resultMap id="BaseResultMap" type="com.hwagain.sp.process.entity.ImProcess">
		<id column="fd_id" property="fdId" />
		<result column="batch_no" property="batchNo" />
		<result column="first_man" property="firstMan" />
		<result column="second_man" property="secondMan" />
		<result column="total_weight" property="totalWeight" />
		<result column="reason" property="reason" />
		<result column="remark" property="remark" />
		<result column="stard_date" property="stardDate" />
		<result column="end_date" property="endDate" />
		<result column="status" property="status" />
		<result column="creater_id" property="createrId" />
		<result column="create_time" property="createTime" />
		<result column="last_alter_id" property="lastAlterId" />
		<result column="last_alter_time" property="lastAlterTime" />
	</resultMap>
  	<insert id ="insertProcessProductBatch" parameterType="java.util.List" >
            insert into im_process_batch_product
            (fd_id,im_process_id,paper_no,class_no,ration,wrinkle_rate,layer,width,diameter,grade,reason,weight,im_process_price_id,product_date)
            values
             <foreach collection ="productList" item="item" index= "index" separator =",">
                 (
                 #{item.fdId},
                 #{item.imProcessId},
                 #{item.paperNo},
                 #{item.classNo},
                 #{item.ration},
                 #{item.wrinkleRate},
                 #{item.layer},
                 #{item.width},
                 #{item.diameter},
                 #{item.grade},
                 #{item.age},
                 #{item.weight},
                 #{item.imProcessPriceId},
                 #{item.productDate}
                 )
             </foreach >
  	</insert >
  	
  	<delete id="delProduct">
  		delete from im_process_batch_product where im_process_id=#{fdId};
  	</delete>
  	
  	<delete id="delPrice">
  		delete from im_process_price where im_process_id=#{fdId};
  	</delete>
</mapper>
