<?xml version="1.0" encoding="UTF-8"?>
<!DOCTYPE mapper PUBLIC "-//mybatis.org//DTD Mapper 3.0//EN" "http://mybatis.org/dtd/mybatis-3-mapper.dtd">
<mapper namespace="com.hwagain.sp.process.mapper.ImProcessRptMapper">

	<!-- 通用查询映射结果 ImProcessProductRptDto-->
	<resultMap id="ImProductRptMap" type="com.hwagain.sp.process.dto.ImProcessProductRptDto">
		<id column="fd_id" property="fdId" />
		<result column="im_process_id" property="imProcessId" />
		<result column="paper_no" property="paperNo" />
		<result column="class_no" property="classNo" />
		<result column="wrinkle_rate" property="wrinkleRate" />
		<result column="product_date" property="productDate" />
		<result column="im_process_price_id" property="imProcessPriceId" />
		<result column="is_this_batch" property="isThisBatch" />
		<result column="sale_status" property="saleStatus" />
	</resultMap>
	<!--处理品明细-数据项目  -->
	<sql id="queryImProcessProductData">
		select p1.batch_no as batchNo,p1.stard_date stardDate,p2.*,p3.normal_price normalPrice,p3.process_price processPrice,
				p3.is_policy isPolicy,p3.fall_price fallPrice,p3.reason,p3.auditor,p3.audit_date auditDate,p4.`name` as className 
				from im_process p1 INNER JOIN im_process_batch_product p2 on p1.fd_id=p2.im_process_id
				INNER JOIN im_process_price p3 on p2.im_process_price_id=p3.fd_id 
				LEFT JOIN product_class p4 on p2.class_no=p4.class_no where p4.platform='Import'
	</sql>
	<select id="queryImProductList" parameterType="Object" resultMap="ImProductRptMap">
		<include refid="queryImProcessProductData" />
			and p2.im_process_price_id=#{priceId} 
			order by p2.Class_No ASC, p2.ration DESC,p3.create_time DESC
	</select>
	
	<select id="querpImProcessProductDetail" parameterType="Object" resultMap="ImProductRptMap">
		select p1.*,p2.`name` as className from im_process_batch_product p1 
		inner join product_class p2 on p1.class_no=p2.class_no and p2.platform='Import' 
		where p1.`status`=0
	</select>
	
	<select id="queryImProductList" parameterType="Object" resultMap="ImProductRptMap">
		<include refid="queryImProcessProductData" />
			and p2.im_process_price_id=#{priceId} 
			order by p2.Class_No ASC, p2.ration DESC,p3.create_time DESC
	</select>
	
	<select id="getImProcessProductDetailById" parameterType="Object" resultMap="ImProductRptMap">
		select * from im_process_batch_product where fd_id in 
			<foreach item="item" index="index" collection="list" open="(" separator="," close=")">  
				#{item}  
			</foreach> 
	</select>
	
	<!-- 通用查询映射结果 -->
	<resultMap id="ImProcessPriceRptMap" type="com.hwagain.sp.process.dto.ImProcessPriceRptDto">
		<id column="fd_id" property="fdId" />
		<result column="im_process_id" property="imProcessId" />
		<result column="class_no" property="classNo" />
		<result column="wrinkle_rate" property="wrinkleRate" />
		<result column="is_policy" property="isPolicy" />
		<result column="normal_price" property="normalPrice" />
		<result column="process_price" property="processPrice" />
		<result column="fall_price" property="fallPrice" />
		<result column="status_text" property="statusText" />
		<result column="audit_date" property="auditDate" />
		<result column="creater_id" property="createrId" />
		<result column="create_time" property="createTime" />
		<result column="last_alter_id" property="lastAlterId" />
		<result column="last_alter_time" property="lastAlterTime" />
	</resultMap>
	<!--处理品价格-数据项目   -->
	<sql id="queryImProcessPriceData">
		select p1.batch_no as batchNo,p2.*,p3.`name` as className from im_process_price p2 inner join im_process p1 on p2.im_process_id=p1.fd_id 
 			LEFT JOIN product_class p3 on p2.class_no=p3.class_no where p3.platform='Import'
	</sql>
	
	<!-- p2.`status` &lt;2 -->
	<select id="queryImProcessPricetList" parameterType="Object" resultMap="ImProcessPriceRptMap">
	 	<include refid="queryImProcessPriceData" />
			and p2.`status` &lt;3 
			order by p2.Class_No ASC, p2.ration DESC,p2.create_time DESC
	</select>
	
	<select id="queryImPricetFirstList" parameterType="Object" resultMap="ImProcessPriceRptMap">
	 	<include refid="queryImProcessPriceData" />
			 and p2.`status` =1 and p2.creater_id is not null
			order by p2.Class_No ASC, p2.ration DESC,p2.create_time DESC
	</select>
	<select id="queryImPricetSecondList" parameterType="Object" resultMap="ImProcessPriceRptMap">
	 	<include refid="queryImProcessPriceData" />
			 and p2.`status` =1 and p2.creater_id is null
			order by p2.Class_No ASC, p2.ration DESC,p2.create_time DESC
	</select>
	
	<!-- 通用查询映射结果 -->
	<resultMap id="ImProcessSaleRptMap" type="com.hwagain.sp.process.dto.ImProcessSaleRptDto">
		<result column="fd_id" property="fdId" />
		<result column="im_process_id" property="imProcessId" />
		<result column="paper_no" property="paperNo" />
		<result column="class_name" property="classNo" />
		<result column="class_no" property="classNo" />
		<result column="wrinkle_rate" property="wrinkleRate" />
		<result column="product_date" property="productDate" />
		<result column="im_process_price_id" property="imProcessPriceId" />
		<result column="is_policy" property="isPolicy" />
		<result column="normal_price" property="normalPrice" />
		<result column="process_price" property="processPrice" />
		<result column="fall_price" property="fallPrice" />
		<result column="sale_status" property="saleStatus" />
	</resultMap>
	
	<!--处理品销售-数据项目  -->
	<sql id="queryImProcessSaleData">
		select p1.batch_no as batchNo,p1.stard_date stardDate,p2.*,p3.normal_price normalPrice,p3.process_price processPrice,
				p3.is_policy isPolicy,p3.fall_price fallPrice,p3.reason,p3.auditor,p3.audit_date auditDate,p4.`name` as className 
				from im_process p1 INNER JOIN im_process_batch_product p2 on p1.fd_id=p2.im_process_id
				INNER JOIN im_process_price p3 on p2.im_process_price_id=p3.fd_id 
				LEFT JOIN product_class p4 on p2.class_no=p4.class_no where p4.platform='Import'
	</sql>
	<select id="queryImProcessSaleList" parameterType="Object" resultMap="ImProcessSaleRptMap">
		<include refid="queryImProcessSaleData" />
			and p2.status=3 
			order by p2.class_no ASC, p2.grade DESC, p2.ration DESC,p2.product_date DESC
	</select>
	<select id="queryProcessSaleByBatch" parameterType="Object" resultMap="ImProcessSaleRptMap">
		<include refid="queryImProcessSaleData" />
			and p1.batch_no=#{batchNo} and p2.sale_status='已售' 
			order by p2.class_no ASC, p2.grade DESC, p2.ration DESC,p2.product_date DESC
	</select>
	
	<select id="queryImProcessHistorySale" parameterType="Object" resultType="com.hwagain.sp.process.dto.ImProcessRptDto">
		select fd_id fdId,batch_no batchNo,total_weight totalWeight,stard_date stardDate,end_date endDate 
			from im_process where status=4
	</select>
</mapper>
