<?xml version="1.0" encoding="UTF-8"?>
<!DOCTYPE mapper PUBLIC "-//mybatis.org//DTD Mapper 3.0//EN" "http://mybatis.org/dtd/mybatis-3-mapper.dtd">
<mapper namespace="com.hwagain.sp.process.mapper.ImProcessPriceMapper">

	<!-- 通用查询映射结果 -->
	<resultMap id="BaseResultMap" type="com.hwagain.sp.process.entity.ImProcessPrice">
		<id column="fd_id" property="fdId" />
		<result column="im_process_id" property="imProcessId" />
		<result column="class_no" property="classNo" />
		<result column="ration" property="ration" />
		<result column="wrinkle_rate" property="wrinkleRate" />
		<result column="layer" property="layer" />
		<result column="width" property="width" />
		<result column="diameter" property="diameter" />
		<result column="grade" property="grade" />
		<result column="age" property="age" />
		<result column="weight" property="weight" />
		<result column="is_policy" property="isPolicy" />
		<result column="normal_price" property="normalPrice" />
		<result column="process_price" property="processPrice" />
		<result column="fall_price" property="fallPrice" />
		<result column="reason" property="reason" />
		<result column="remark" property="remark" />
		<result column="status" property="status" />
		<result column="status_text" property="statusText" />
		<result column="auditor" property="auditor" />
		<result column="audit_date" property="auditDate" />
		<result column="creater_id" property="createrId" />
		<result column="create_time" property="createTime" />
		<result column="last_alter_id" property="lastAlterId" />
		<result column="last_alter_time" property="lastAlterTime" />
	</resultMap>
	<delete id="delProductDetail">
		delete from im_process_batch_product where im_process_price_id=#{fdId};
	</delete>
</mapper>
