<?xml version="1.0" encoding="UTF-8"?>
<!DOCTYPE mapper PUBLIC "-//mybatis.org//DTD Mapper 3.0//EN" "http://mybatis.org/dtd/mybatis-3-mapper.dtd">
<mapper namespace="com.hwagain.sp.base.mapper.PhysicalStandardMapper">

	<!-- 通用查询映射结果 -->
	<resultMap id="BaseResultMap" type="com.hwagain.sp.base.entity.PhysicalStandard">
		<id column="id" property="id" />
		<result column="physical_no" property="physicalNo" />
		<result column="ration" property="ration" />
		<result column="layer" property="layer" />
		<result column="loose_tighten" property="looseTighten" />
		<result column="horizontal_resist" property="horizontalResist" />
		<result column="vertical_resist" property="verticalResist" />
		<result column="handFeel_value" property="handFeelValue" />
		<result column="fibre_soft" property="fibreSoft" />
		<result column="crassitude" property="crassitude" />
		<result column="rigidity" property="rigidity" />
		<result column="horizontal_suck" property="horizontalSuck" />
		<result column="white" property="white" />
		<result column="unit_film" property="unitFilm" />
		<result column="middle_film" property="middleFilm" />
		<result column="box_layer" property="boxLayer" />
		<result column="box_deep" property="boxDeep" />
		<result column="remarks" property="remarks" />
		<result column="created_by" property="createdBy" />
		<result column="created_date" property="createdDate" />
		<result column="updated_by" property="updatedBy" />
		<result column="updated_date" property="updatedDate" />
	</resultMap>

</mapper>
