<?xml version="1.0" encoding="UTF-8"?>
<!DOCTYPE mapper PUBLIC "-//mybatis.org//DTD Mapper 3.0//EN" "http://mybatis.org/dtd/mybatis-3-mapper.dtd">
<mapper namespace="com.hwagain.sp.base.mapper.SysSerialNumberMapper">

	<!-- 通用查询映射结果 -->
	<resultMap id="BaseResultMap" type="com.hwagain.sp.base.entity.SysSerialNumber">
		<id column="fd_id" property="fdId" />
		<result column="type_name" property="typeName" />
		<result column="prefix_char" property="prefixChar" />
		<result column="year" property="year" />
		<result column="month" property="month" />
		<result column="number" property="number" />
		<result column="remark" property="remark" />
		<result column="creater_id" property="createrId" />
		<result column="create_time" property="createTime" />
	</resultMap>

</mapper>
