<?xml version="1.0" encoding="UTF-8"?>
<!DOCTYPE mapper PUBLIC "-//mybatis.org//DTD Mapper 3.0//EN" "http://mybatis.org/dtd/mybatis-3-mapper.dtd">
<mapper namespace="com.hwagain.sp.deposit.mapper.DDepositItemMapper">

	<!-- 通用查询映射结果 -->
	<resultMap id="BaseResultMap" type="com.hwagain.sp.deposit.entity.DDepositItem">
		<id column="fd_id" property="fdId" />
		<result column="deposit_main_id" property="depositMainId" />
		<result column="happen_date" property="happenDate" />
		<result column="project" property="project" />
		<result column="category" property="category" />
		<result column="number" property="number" />
		<result column="add_deposit" property="addDeposit" />
		<result column="reduce_deposit" property="reduceDeposit" />
		<result column="frozen_deposit" property="frozenDeposit" />
		<result column="thaw_deposit" property="thawDeposit" />
		<result column="available_deposit" property="availableDeposit" />
		<result column="total_frozen_deposit" property="totalFrozenDeposit" />
		<result column="total_deposit" property="totalDeposit" />
		<result column="creater_id" property="createrId" />
		<result column="create_time" property="createTime" />
		<result column="last_alter_id" property="lastAlterId" />
		<result column="last_alter_time" property="lastAlterTime" />
	</resultMap>

</mapper>
