<?xml version="1.0" encoding="UTF-8"?>
<!DOCTYPE mapper PUBLIC "-//mybatis.org//DTD Mapper 3.0//EN" "http://mybatis.org/dtd/mybatis-3-mapper.dtd">
<mapper namespace="com.hwagain.sp.deposit.mapper.DDepositMainMapper">

	<!-- 通用查询映射结果 -->
	<resultMap id="BaseResultMap" type="com.hwagain.sp.deposit.entity.DDepositMain">
		<id column="fd_id" property="fdId" />
		<result column="customer_id" property="customerId" />
		<result column="customer_name" property="customerName" />
		<result column="customer_type" property="customerType" />
		<result column="deposit_account" property="depositAccount" />
		<result column="auditor" property="auditor" />
		<result column="audit_time" property="auditTime" />
		<result column="confirm_status" property="confirmStatus" />
		<result column="confirm_time" property="confirmTime" />
		<result column="confirm_opinion" property="confirmOpinion" />
		<result column="year" property="year" />
		<result column="month" property="month" />
		<result column="creater_id" property="createrId" />
		<result column="create_time" property="createTime" />
		<result column="last_alter_id" property="lastAlterId" />
		<result column="last_alter_time" property="lastAlterTime" />
	</resultMap>

</mapper>
