<?xml version="1.0" encoding="UTF-8"?>
<!DOCTYPE mapper PUBLIC "-//mybatis.org//DTD Mapper 3.0//EN" "http://mybatis.org/dtd/mybatis-3-mapper.dtd">
<mapper namespace="com.hwagain.sp.deposit.mapper.DDepositStandardMapper">

	<!-- 通用查询映射结果 -->
	<resultMap id="BaseResultMap" type="com.hwagain.sp.deposit.entity.DDepositStandard">
		<id column="fd_id" property="fdId" />
		<result column="kind_no" property="kindNo" />
		<result column="product_no" property="productNo" />
		<result column="specification" property="specification" />
		<result column="deposit" property="deposit" />
		<result column="start_time" property="startTime" />
		<result column="end_time" property="endTime" />
		<result column="creater_id" property="createrId" />
		<result column="create_time" property="createTime" />
		<result column="last_alter_id" property="lastAlterId" />
		<result column="last_alter_time" property="lastAlterTime" />
		<result column="is_history" property="isHistory" />
	</resultMap>
	<select id="inputQueryDepo" parameterType="Object" resultMap="BaseResultMap">
		SELECT a.fd_id fd_id, b.kind_no kind_no,a.enterprise_width_no product_no,b.cut_spec specification, b.creater_id creater_id,b.create_time create_time 
		FROM `product_set_detail` a left join `product_set` b on a.enterprise_set_no=b.enterprise_set_no
	</select>

	<!--求订单非常规品每吨要交多少订金？(add by hdh@2018-11-20)-->
	<select id="findOrderDepositByKindNo" parameterType="Object" resultMap="BaseResultMap">
		select * from d_deposit_standard
		where kind_no=#{kindNo} and is_history=0 and SYSDATE() &gt;= start_time and SYSDATE() &lt;= ifnull(end_time,'9999-12-31') limit 1;
	</select>
</mapper>
