<?xml version="1.0" encoding="UTF-8"?>
<!DOCTYPE mapper PUBLIC "-//mybatis.org//DTD Mapper 3.0//EN" "http://mybatis.org/dtd/mybatis-3-mapper.dtd">
<mapper namespace="com.hwagain.sp.deposit.mapper.DDepositStandardEditMapper">

	<!-- 通用查询映射结果 -->
	<resultMap id="BaseResultMap" type="com.hwagain.sp.deposit.entity.DDepositStandardEdit">
		<id column="fd_id" property="fdId" />
		<result column="kind_no" property="kindNo" />
		<result column="product_no" property="productNo" />
		<result column="specification" property="specification" />
		<result column="deposit" property="deposit" />
		<result column="start_time" property="startTime" />
		<result column="end_time" property="endTime" />
		<result column="creater_id" property="createrId" />
		<result column="create_time" property="createTime" />
		<result column="last_alter_id" property="lastAlterId" />
		<result column="last_alter_time" property="lastAlterTime" />
		<result column="is_history" property="isHistory" />
		<result column="role" property="role" />
		<result column="status" property="status"/>
		<result column="edit" property="edit"/>
	</resultMap>

</mapper>
