<?xml version="1.0" encoding="UTF-8"?>
<!DOCTYPE mapper PUBLIC "-//mybatis.org//DTD Mapper 3.0//EN" "http://mybatis.org/dtd/mybatis-3-mapper.dtd">
<mapper namespace="com.hwagain.sp.deposit.mapper.DNoDepositStandardEditMapper">

	<!-- 通用查询映射结果 -->
	<resultMap id="BaseResultMap" type="com.hwagain.sp.deposit.entity.DNoDepositStandardEdit">
		<id column="fd_id" property="fdId" />
		<result column="class_no" property="classNo" />
		<result column="enterprise_set_no" property="enterpriseSetNo" />
		<result column="start_time" property="startTime" />
		<result column="end_time" property="endTime" />
		<result column="month_order_weight" property="monthOrderWeight" />
		<result column="month_delivery_weight" property="monthDeliveryWeight" />
		<result column="role" property="role" />
		<result column="continuous_month" property="continuousMonth" />
		<result column="creater_id" property="createrId" />
		<result column="create_time" property="createTime" />
		<result column="last_alter_id" property="lastAlterId" />
		<result column="last_alter_time" property="lastAlterTime" />
		<result column="is_history" property="isHistory" />
	</resultMap>

</mapper>
