<?xml version="1.0" encoding="UTF-8"?>
<!DOCTYPE mapper PUBLIC "-//mybatis.org//DTD Mapper 3.0//EN" "http://mybatis.org/dtd/mybatis-3-mapper.dtd">
<mapper namespace="com.hwagain.sp.deposit.mapper.DNoDepositCustomerMapper">

	<!-- 通用查询映射结果 -->
	<resultMap id="BaseResultMap" type="com.hwagain.sp.deposit.entity.DNoDepositCustomer">
		<id column="fd_id" property="fdId" />
		<result column="class_no" property="classNo" />
		<result column="enterprise_set_no" property="enterpriseSetNo" />
		<result column="ration" property="ration" />
		<result column="wrinkle_rate" property="wrinkleRate" />
		<result column="layers" property="layers" />
		<result column="cut_spec" property="cutSpec" />
		<result column="diameter" property="diameter" />
		<result column="month_order_weight" property="monthOrderWeight" />
		<result column="month_delivery_weight" property="monthDeliveryWeight" />
		<result column="month_number" property="monthNumber" />
		<result column="width" property="width" />
		<result column="product_name" property="productName" />
		<result column="year" property="year" />
		<result column="month" property="month" />
		<result column="month_date" property="monthDate" />
		<result column="order_weight" property="orderWeight" />
		<result column="delivery_weight" property="deliveryWeight" />
		<result column="order_weight2" property="orderWeight2" />
		<result column="delivery_weight2" property="deliveryWeight2" />
		<result column="creater_id" property="createrId" />
		<result column="create_time" property="createTime" />
		<result column="last_alter_id" property="lastAlterId" />
		<result column="last_alter_time" property="lastAlterTime" />
	</resultMap>
	<select id="inputQueryNoDepoProd" parameterType="Object" resultMap="BaseResultMap">
	SELECT a.fd_id fd_id, b.class_no class_no,a.enterprise_set_no enterprise_set_no,e.weight order_weight,d.fd_id,
	b.ration ration,b.layer layers,b.cut_spec cut_spec,b.diameter diameter,a.width width,
	a.enterprise_width_name product_name,c.month_order_weight month_order_weight,
	c.month_delivery_weight month_delivery_weight,c.continuous_month month_number,
	 b.creater_id creater_id,b.create_time create_time  
	FROM `product_set_detail` a 
	left join `product_set` b on a.enterprise_set_no=b.enterprise_set_no 
	left join d_no_deposit_standard c on c.is_history=0
	left join im_order d on d.enterprise_set_no=b.enterprise_set_no
	left join im_order_detail e on e.width=a.width and d.fd_id=e.order_id
	WHERE a.enterprise_set_no like '%b%' and e.weight>0
	and PERIOD_DIFF( date_format( #{monthDate} , '%Y%m' ) , date_format( e.create_time, '%Y%m' ) ) =0
	</select>
	<select id="inputQueryNoDepoProdHistory" parameterType="Object" resultMap="BaseResultMap">
	SELECT a.fd_id fd_id, b.class_no class_no,a.enterprise_set_no enterprise_set_no,e.weight order_weight,d.fd_id,
	b.ration ration,b.layer layers,b.cut_spec cut_spec,b.diameter diameter,a.width width,
	a.enterprise_width_name product_name,c.month_order_weight month_order_weight,
	c.month_delivery_weight month_delivery_weight,c.continuous_month month_number,
	 b.creater_id creater_id,b.create_time create_time  
	FROM `product_set_detail` a 
	left join `product_set` b on a.enterprise_set_no=b.enterprise_set_no 
	left join d_no_deposit_standard c on #{monthDate} BETWEEN c.start_time and c.end_time
	left join im_order d on d.enterprise_set_no=b.enterprise_set_no
	left join im_order_detail e on e.width=a.width and d.fd_id=e.order_id
	WHERE a.enterprise_set_no like '%b%' and e.weight>0
	and PERIOD_DIFF( date_format( #{monthDate} , '%Y%m' ) , date_format( e.create_time, '%Y%m' ) ) =0
	</select>

</mapper>
