<?xml version="1.0" encoding="UTF-8"?>
<!DOCTYPE mapper PUBLIC "-//mybatis.org//DTD Mapper 3.0//EN" "http://mybatis.org/dtd/mybatis-3-mapper.dtd">
<mapper namespace="com.hwagain.sp.order.mapper.ImOrderDetailMapper">

	<!-- 通用查询映射结果 -->
	<resultMap id="BaseResultMap" type="com.hwagain.sp.order.entity.ImOrderDetail">
		<id column="fd_id" property="fdId" />
		<result column="order_id" property="orderId" />
		<result column="width" property="width" />
		<result column="qty" property="qty" />
		<result column="weight" property="weight" />
		<result column="price" property="price" />
		<result column="amount" property="amount" />
		<result column="deposit" property="deposit" />
		<result column="payment_deposit" property="paymentDeposit" />
		<result column="finished_weight" property="finishedWeight" />
		<result column="stock_weight" property="stockWeight" />
		<result column="enterprise_width_no" property="enterpriseWidthNo" />
		<result column="customer_width_no" property="customerWidthNo" />
		<result column="creator_id" property="creatorId" />
		<result column="create_time" property="createTime" />
		<result column="last_alter_id" property="lastAlterId" />
		<result column="last_alter_time" property="lastAlterTime" />
	</resultMap>
	<resultMap id="DtoResultMap" type="com.hwagain.sp.order.dto.ImOrderDetailDto">
		<id column="fd_id" property="fdId" />
		<result column="order_id" property="orderId" />
		<result column="width" property="width" />
		<result column="qty" property="qty" />
		<result column="weight" property="weight" />
		<result column="price" property="price" />
		<result column="amount" property="amount" />
		<result column="deposit" property="deposit" />
		<result column="payment_deposit" property="paymentDeposit" />
		<result column="finished_weight" property="finishedWeight" />
		<result column="stock_weight" property="stockWeight" />
		<result column="enterprise_width_no" property="enterpriseWidthNo" />
		<result column="customer_width_no" property="customerWidthNo" />
		<result column="creator_id" property="creatorId" />
		<result column="create_time" property="createTime" />
		<result column="last_alter_id" property="lastAlterId" />
		<result column="last_alter_time" property="lastAlterTime" />
	</resultMap>
	
	
	<!-- 通过im_order_id查询一张订单明细列表 -->
	<select id="findImOrderDetailListByOrderId" parameterType="Object" resultMap="DtoResultMap">
		select a.* from im_order_detail a where a.order_id=#{orderId}
	</select>
	<!-- 通过im_order_id删除订单明细 -->
	<delete id="deleteImOrderDetailByOrderId" parameterType="Object" >
		delete from im_order_detail where order_id=#{orderId}
	</delete>
	
	<!-- 当天下订单到第几张订单 -->
	<select id="findTodayOrderIndex" parameterType="Object" resultMap="DtoResultMap">
		select count(*)+1 as qty from im_order where DATE_FORMAT(order_date,'%Y-%m-%d')=CURRENT_DATE();
	</select>
	
	
	
	
	
	
	
	
	
</mapper>
