<?xml version="1.0" encoding="UTF-8"?>
<!DOCTYPE mapper PUBLIC "-//mybatis.org//DTD Mapper 3.0//EN" "http://mybatis.org/dtd/mybatis-3-mapper.dtd">
<mapper namespace="com.hwagain.sp.order.mapper.ImOrderMapper">

	<!-- 通用查询映射结果 -->
	<resultMap id="BaseResultMap" type="com.hwagain.sp.order.entity.ImOrder">
		<id column="fd_id" property="fdId" />
		<result column="order_no" property="orderNo" />
		<result column="product_id" property="productId" />
		<result column="machine_type" property="machineType" />
		<result column="class_no" property="classNo" />
		<result column="kind_no" property="kindNo" />
		<result column="ration" property="ration" />
		<result column="wrinkle_rate" property="wrinkleRate" />
		<result column="layer" property="layer" />
		<result column="diameter" property="diameter" />
		<result column="color" property="color" />
		<result column="do_light" property="doLight" />
		<result column="wet_strength" property="wetStrength" />
		<result column="order_type" property="orderType" />
		<result column="total_width" property="totalWidth" />
		<result column="customer_id" property="customerId" />
		<result column="customer_name" property="customerName" />
		<result column="deposit_company" property="depositCompany" />
		<result column="order_user" property="orderUser" />
		<result column="order_tel" property="orderTel" />
		<result column="order_date" property="orderDate" />
		<result column="plan_pick_date" property="planPickDate" />
		<result column="pick_days" property="pickDays" />
		<result column="finish_pick_date" property="finishPickDate" />
		<result column="total_amount" property="totalAmount" />
		<result column="total_deposit" property="totalDeposit" />
		<result column="weight" property="weight" />
		<result column="post_code" property="postCode" />
		<result column="post_address" property="postAddress" />
		<result column="receiver" property="receiver" />
		<result column="receiver_tel" property="receiverTel" />
		<result column="paper_pattern_no" property="paperPatternNo" />
		<result column="paper_requirement" property="paperRequirement" />
		<result column="paper_confirm_result" property="paperConfirmResult" />
		<result column="paper_confirm_date" property="paperConfirmDate" />
		<result column="produce_confirm_result" property="produceConfirmResult" />
		<result column="produce_confirm_date" property="produceConfirmDate" />
		<result column="technic_confirm" property="technicConfirm" />
		<result column="technic_confirm_date" property="technicConfirmDate" />
		<result column="price_calculation" property="priceCalculation" />
		<result column="price_calculation_date" property="priceCalculationDate" />
		<result column="enterprise_set_no" property="enterpriseSetNo" />
		<result column="customer_set_no" property="customerSetNo" />
		<result column="is_delete" property="isDelete" />
		<result column="remark" property="remark" />
		<result column="status" property="status" />
		<result column="creator_id" property="creatorId" />
		<result column="create_time" property="createTime" />
		<result column="last_alter_id" property="lastAlterId" />
		<result column="last_alter_time" property="lastAlterTime" />
	</resultMap>
	<resultMap id="DtoResultMap" type="com.hwagain.sp.order.dto.ImOrderDto">
		<id column="fd_id" property="fdId" />
		<result column="order_no" property="orderNo" />
		<result column="product_id" property="productId" />
		<result column="machine_type" property="machineType" />
		<result column="class_no" property="classNo" />
		<result column="kind_no" property="kindNo" />
		<result column="ration" property="ration" />
		<result column="wrinkle_rate" property="wrinkleRate" />
		<result column="layer" property="layer" />
		<result column="diameter" property="diameter" />
		<result column="color" property="color" />
		<result column="do_light" property="doLight" />
		<result column="wet_strength" property="wetStrength" />
		<result column="order_type" property="orderType" />
		<result column="total_width" property="totalWidth" />
		<result column="customer_id" property="customerId" />
		<result column="customer_name" property="customerName" />
		<result column="deposit_company" property="depositCompany" />
		<result column="order_user" property="orderUser" />
		<result column="order_tel" property="orderTel" />
		<result column="order_date" property="orderDate" />
		<result column="plan_pick_date" property="planPickDate" />
		<result column="pick_days" property="pickDays" />
		<result column="finish_pick_date" property="finishPickDate" />
		<result column="total_amount" property="totalAmount" />
		<result column="total_deposit" property="totalDeposit" />
		<result column="weight" property="weight" />
		<result column="post_code" property="postCode" />
		<result column="post_address" property="postAddress" />
		<result column="receiver" property="receiver" />
		<result column="receiver_tel" property="receiverTel" />
		<result column="paper_pattern_no" property="paperPatternNo" />
		<result column="paper_requirement" property="paperRequirement" />
		<result column="paper_confirm_result" property="paperConfirmResult" />
		<result column="paper_confirm_date" property="paperConfirmDate" />
		<result column="produce_confirm_result" property="produceConfirmResult" />
		<result column="produce_confirm_date" property="produceConfirmDate" />
		<result column="technic_confirm" property="technicConfirm" />
		<result column="technic_confirm_date" property="technicConfirmDate" />
		<result column="price_calculation" property="priceCalculation" />
		<result column="price_calculation_date" property="priceCalculationDate" />
		<result column="enterprise_set_no" property="enterpriseSetNo" />
		<result column="customer_set_no" property="customerSetNo" />
		<result column="is_delete" property="isDelete" />
		<result column="remark" property="remark" />
		<result column="status" property="status" />
		<result column="creator_id" property="creatorId" />
		<result column="create_time" property="createTime" />
		<result column="last_alter_id" property="lastAlterId" />
		<result column="last_alter_time" property="lastAlterTime" />

	</resultMap>
	
	
	<!-- 通过主键fdId查询一条记录 -->
	<select id="findImOrderByFdId" parameterType="Object" resultMap="DtoResultMap">
		select a.* from v_im_order a where a.fd_id=#{fdId}
	</select>
	
	<!-- 通过order_no查询一条记录 -->
	<select id="findImOrderByOrderNo" parameterType="Object" resultMap="DtoResultMap">
		select a.* from v_im_order a where a.order_no=#{orderNo}
	</select>

	
	
	
	
	
	
</mapper>
