<?xml version="1.0" encoding="UTF-8"?>
<!DOCTYPE mapper PUBLIC "-//mybatis.org//DTD Mapper 3.0//EN" "http://mybatis.org/dtd/mybatis-3-mapper.dtd">
<mapper namespace="com.hwagain.sp.order.mapper.ImOrderSpecMapper">

	<!-- 通用查询映射结果 -->
	<resultMap id="BaseResultMap" type="com.hwagain.sp.order.entity.ImOrderSpec">
		<id column="fd_id" property="fdId" />
		<result column="order_id" property="orderId" />
		<result column="class_no" property="classNo" />
		<result column="ration" property="ration" />
		<result column="layer" property="layer" />
		<result column="color" property="color" />
		<result column="white_rate" property="whiteRate" />
		<result column="do_light" property="doLight" />
		<result column="wrinkle_rate" property="wrinkleRate" />
		<result column="diameter" property="diameter" />
		<result column="deep" property="deep" />
		<result column="fibre_soft" property="fibreSoft" />
		<result column="horizontal_suck" property="horizontalSuck" />
		<result column="internal_diameter" property="internalDiameter" />
		<result column="film_quota" property="filmQuota" />
		<result column="wet_strength" property="wetStrength" />
		<result column="resist_horizontal" property="resistHorizontal" />
		<result column="resist_vertical" property="resistVertical" />
		<result column="resist_ratio" property="resistRatio" />
		<result column="resist_horizontal_index" property="resistHorizontalIndex" />
		<result column="resist_vertical_moisture" property="resistVerticalMoisture" />
		<result column="status" property="status" />
		<result column="creator_id" property="creatorId" />
		<result column="create_time" property="createTime" />
		<result column="last_alter_id" property="lastAlterId" />
		<result column="last_alter_time" property="lastAlterTime" />
	</resultMap>

</mapper>
