<?xml version="1.0" encoding="UTF-8"?>
<!DOCTYPE mapper PUBLIC "-//mybatis.org//DTD Mapper 3.0//EN" "http://mybatis.org/dtd/mybatis-3-mapper.dtd">
<mapper namespace="com.hwagain.sp.order.mapper.ImPickupOrderMapper">

	<!-- 通用查询映射结果 -->
	<resultMap id="BaseResultMap" type="com.hwagain.sp.order.entity.ImPickupOrder">
		<id column="fd_id" property="fdId" />
		<result column="pickup_no" property="pickupNo" />
		<result column="customer_id" property="customerId" />
		<result column="customer_name" property="customerName" />
		<result column="order_date" property="orderDate" />
		<result column="delivery_company" property="deliveryCompany" />
		<result column="receiver_company" property="receiverCompany" />
		<result column="receiver_address" property="receiverAddress" />
		<result column="transport" property="transport" />
		<result column="car_mode" property="carMode" />
		<result column="pickup_date" property="pickupDate" />
		<result column="receiver" property="receiver" />
		<result column="receiver_tel" property="receiverTel" />
		<result column="avaliable_weight" property="avaliableWeight" />
		<result column="weight" property="weight" />
		<result column="amount" property="amount" />
		<result column="discount" property="discount" />
		<result column="discount_amount" property="discountAmount" />
		<result column="total_car_fee" property="totalCarFee" />
		<result column="payment_amount" property="paymentAmount" />
		<result column="is_delete" property="isDelete" />
		<result column="remark" property="remark" />
		<result column="status" property="status" />
		<result column="is_reversal" property="isReversal" />
		<result column="reversal_fd_id" property="reversalFdId" />
		<result column="creator_id" property="creatorId" />
		<result column="create_time" property="createTime" />
		<result column="last_alter_id" property="lastAlterId" />
		<result column="last_alter_time" property="lastAlterTime" />
	</resultMap>

</mapper>
