<?xml version="1.0" encoding="UTF-8"?>
<!DOCTYPE mapper PUBLIC "-//mybatis.org//DTD Mapper 3.0//EN" "http://mybatis.org/dtd/mybatis-3-mapper.dtd">
<mapper namespace="com.hwagain.sp.order.mapper.ImPickupOrderDetailK3Mapper">

	<!-- 通用查询映射结果 -->
	<resultMap id="BaseResultMap" type="com.hwagain.sp.order.entity.ImPickupOrderDetailK3">
		<id column="fd_id" property="fdId" />
		<result column="pickup_order_detail_id" property="pickupOrderDetailId" />
		<result column="customer_id" property="customerId" />
		<result column="order_no" property="orderNo" />
		<result column="material_code" property="materialCode" />
		<result column="material_name" property="materialName" />
		<result column="spec" property="spec" />
		<result column="sale_weight" property="saleWeight" />
		<result column="stock" property="stock" />
		<result column="business_date" property="businessDate" />
		<result column="creator_id" property="creatorId" />
		<result column="create_time" property="createTime" />
		<result column="last_alter_id" property="lastAlterId" />
		<result column="last_alter_time" property="lastAlterTime" />
	</resultMap>


</mapper>
