<?xml version="1.0" encoding="UTF-8"?>
<!DOCTYPE mapper PUBLIC "-//mybatis.org//DTD Mapper 3.0//EN" "http://mybatis.org/dtd/mybatis-3-mapper.dtd">
<mapper namespace="com.hwagain.sp.order.mapper.ImPickupOrderDetailMapper">

	<!-- 通用查询映射结果 -->
	<resultMap id="BaseResultMap" type="com.hwagain.sp.order.entity.ImPickupOrderDetail">
		<id column="fd_id" property="fdId" />
		<result column="pickup_order_id" property="pickupOrderId" />
		<result column="order_no" property="orderNo" />
		<result column="class_no" property="classNo" />
		<result column="kind_no" property="kindNo" />
		<result column="ration" property="ration" />
		<result column="layer" property="layer" />
		<result column="width" property="width" />
		<result column="grade" property="grade" />
		<result column="material_code" property="materialCode" />
		<result column="avaliable_weight" property="avaliableWeight" />
		<result column="weight" property="weight" />
		<result column="settlement_method" property="settlementMethod" />
		<result column="price" property="price" />
		<result column="amount" property="amount" />
		<result column="dscount_price" property="dscountPrice" />
		<result column="discount_amount" property="discountAmount" />
		<result column="over_weight" property="overWeight" />
		<result column="over_weight_price" property="overWeightPrice" />
		<result column="over_weight_amount" property="overWeightAmount" />
		<result column="discount" property="discount" />
		<result column="car_fee_price" property="carFeePrice" />
		<result column="car_fee_amount" property="carFeeAmount" />
		<result column="payment_amount" property="paymentAmount" />
		<result column="machine_type" property="machineType" />
		<result column="remark" property="remark" />
		<result column="status" property="status" />
		<result column="creator_id" property="creatorId" />
		<result column="create_time" property="createTime" />
		<result column="last_alter_id" property="lastAlterId" />
		<result column="last_alter_time" property="lastAlterTime" />
	</resultMap>


</mapper>
