<?xml version="1.0" encoding="UTF-8"?>
<!DOCTYPE mapper PUBLIC "-//mybatis.org//DTD Mapper 3.0//EN" "http://mybatis.org/dtd/mybatis-3-mapper.dtd">
<mapper namespace="com.hwagain.sp.order.mapper.ProductSetDetailMapper">

	<!-- 通用查询映射结果 -->
	<resultMap id="BaseResultMap" type="com.hwagain.sp.order.entity.ProductSetDetail">
		<id column="fd_id" property="fdId" />
		<result column="enterprise_set_no" property="enterpriseSetNo" />
		<result column="width" property="width" />
		<result column="qty" property="qty" />
		<result column="enterprise_width_no" property="enterpriseWidthNo" />
		<result column="enterprise_width_name" property="enterpriseWidthName" />
		<result column="enterprise_index" property="enterpriseIndex" />
	</resultMap>

</mapper>
