<?xml version="1.0" encoding="UTF-8"?>
<!DOCTYPE mapper PUBLIC "-//mybatis.org//DTD Mapper 3.0//EN" "http://mybatis.org/dtd/mybatis-3-mapper.dtd">
<mapper namespace="com.hwagain.sp.order.mapper.ProductSetMapper">

	<!-- 通用查询映射结果 -->
	<resultMap id="BaseResultMap" type="com.hwagain.sp.order.entity.ProductSet">
		<id column="fd_id" property="fdId" />
		<result column="enterprise_set_no" property="enterpriseSetNo" />
		<result column="class_no" property="classNo" />
		<result column="kind_no" property="kindNo" />
		<result column="ration" property="ration" />
		<result column="layer" property="layer" />
		<result column="diameter" property="diameter" />
		<result column="cut_spec" property="cutSpec" />
		<result column="total_width" property="totalWidth" />
		<result column="creater_id" property="createrId" />
		<result column="create_time" property="createTime" />
		<result column="last_alter_id" property="lastAlterId" />
		<result column="last_alter_time" property="lastAlterTime" />
	</resultMap>

</mapper>
