<?xml version="1.0" encoding="UTF-8"?>
<!DOCTYPE mapper PUBLIC "-//mybatis.org//DTD Mapper 3.0//EN" "http://mybatis.org/dtd/mybatis-3-mapper.dtd">
<mapper namespace="com.hwagain.sp.policy.mapper.PoAreaMapper">

    <!-- 通用查询映射结果 -->
    <resultMap id="BaseResultMap" type="com.hwagain.sp.policy.entity.PoArea">
        <id column="fd_id" property="fdId"/>
        <result column="customer_id" property="customerId"/>
        <result column="amount" property="amount"/>
        <result column="start_date" property="startDate"/>
        <result column="end_date" property="endDate"/>
        <result column="checked_by" property="checkedBy"/>
        <result column="checked_date" property="checkedDate"/>
        <result column="checked_remark" property="checkedRemark"/>
        <result column="remark" property="remark"/>
        <result column="status" property="status"/>
        <result column="creater_id" property="createrId"/>
        <result column="create_time" property="createTime"/>
        <result column="last_alter_id" property="lastAlterId"/>
        <result column="last_alter_time" property="lastAlterTime"/>
    </resultMap>

    <resultMap id="dtoDataMap" type="com.hwagain.sp.policy.dto.PoAreaDto">
        <id column="fd_id" property="fdId"/>
        <result column="customer_id" property="customerId"/>
        <result column="amount" property="amount"/>
        <result column="start_date" property="startDate"/>
        <result column="end_date" property="endDate"/>
        <result column="checked_by" property="checkedBy"/>
        <result column="checked_date" property="checkedDate"/>
        <result column="checked_remark" property="checkedRemark"/>
        <result column="remark" property="remark"/>
        <result column="status" property="status"/>
        <result column="creater_id" property="createrId"/>
        <result column="create_time" property="createTime"/>
        <result column="last_alter_id" property="lastAlterId"/>
        <result column="last_alter_time" property="lastAlterTime"/>

        <result column="city" property="city"/>
        <result column="county" property="county"/>
        <result column="cust_name" property="custName"/>
        <result column="short_name" property="shortName"/>

    </resultMap>

    <select id="listAreaAndCustomer" resultMap="dtoDataMap">
		select *,customer.crty
		where b.is_delete=0 and b.Status =30
		order by b.Class_No ASC,b.Kind_No ASC ,b.min_Ration ASC , b.layer ASC
	</select>

</mapper>
