<?xml version="1.0" encoding="UTF-8"?>
<!DOCTYPE mapper PUBLIC "-//mybatis.org//DTD Mapper 3.0//EN" "http://mybatis.org/dtd/mybatis-3-mapper.dtd">
<mapper namespace="com.hwagain.sp.policy.mapper.PoDiscountDetailMapper">

	<!-- 通用查询映射结果 -->
	<resultMap id="BaseResultMap" type="com.hwagain.sp.policy.entity.PoDiscountDetail">
		<id column="fd_id" property="fdId" />
		<result column="po_discount_id" property="poDiscountId" />
		<result column="business_date" property="businessDate" />
		<result column="price" property="price" />
		<result column="weight" property="weight" />
		<result column="amount" property="amount" />
		<result column="order_no" property="orderNo" />
		<result column="source_category" property="sourceCategory" />
		<result column="remark" property="remark" />
		<result column="status" property="status" />
		<result column="creater_id" property="createrId" />
		<result column="create_time" property="createTime" />
		<result column="last_alter_id" property="lastAlterId" />
		<result column="last_alter_time" property="lastAlterTime" />
	</resultMap>

</mapper>
