<?xml version="1.0" encoding="UTF-8"?>
<!DOCTYPE mapper PUBLIC "-//mybatis.org//DTD Mapper 3.0//EN" "http://mybatis.org/dtd/mybatis-3-mapper.dtd">
<mapper namespace="com.hwagain.sp.policy.mapper.PoDiscountMapper">

	<!-- 通用查询映射结果 -->
	<resultMap id="BaseResultMap" type="com.hwagain.sp.policy.entity.PoDiscount">
		<id column="fd_id" property="fdId" />
		<result column="fd_year" property="fdYear" />
		<result column="fd_month" property="fdMonth" />
		<result column="business_date" property="businessDate" />
		<result column="customer_id" property="customerId" />
		<result column="po_policy_id" property="poPolicyId" />
		<result column="policy_method_id" property="policyMethodId" />
		<result column="price" property="price" />
		<result column="amount" property="amount" />
		<result column="commit_amount" property="commitAmount" />
		<result column="not_commit_amount" property="notCommitAmount" />
		<result column="start_date" property="startDate" />
		<result column="end_date" property="endDate" />
		<result column="source_bill_no" property="sourceBillNo" />
		<result column="source_class_type_id" property="sourceClassTypeId" />
		<result column="source_integer_id" property="sourceIntegerId" />
		<result column="source_details_id" property="sourceDetailsId" />
		<result column="is_row_close" property="isRowClose" />
		<result column="is_cancel" property="isCancel" />
		<result column="cancel_by" property="cancelBy" />
		<result column="cancel_date" property="cancelDate" />
		<result column="cancel_remark" property="cancelRemark" />
		<result column="product_kind" property="productKind" />
		<result column="physical_no" property="physicalNo" />
		<result column="from_system" property="fromSystem" />
		<result column="remark" property="remark" />
		<result column="status" property="status" />
		<result column="creater_id" property="createrId" />
		<result column="create_time" property="createTime" />
		<result column="last_alter_id" property="lastAlterId" />
		<result column="last_alter_time" property="lastAlterTime" />
	</resultMap>
	
	<resultMap id="PoDiscountExtResultMap" type="com.hwagain.sp.policy.dto.PoDiscountDto">
		<id column="fd_id" property="fdId" />
		<result column="fd_year" property="fdYear" />
		<result column="fd_month" property="fdMonth" />
		<result column="business_date" property="businessDate" />
		<result column="customer_id" property="customerId" />
		<result column="customer_name" property="customerName" />
		<result column="po_policy_id" property="poPolicyId" />
		<result column="po_policy_name" property="poPolicyName" />
		<result column="policy_method_id" property="policyMethodId" />
		<result column="policy_method_name" property="policyMethodName" />
		<result column="price" property="price" />
		<result column="amount" property="amount" />
		<result column="commit_amount" property="commitAmount" />
		<result column="not_commit_amount" property="notCommitAmount" />
		<result column="start_date" property="startDate" />
		<result column="end_date" property="endDate" />
		<result column="source_bill_no" property="sourceBillNo" />
		<result column="source_class_type_id" property="sourceClassTypeId" />
		<result column="source_integer_id" property="sourceIntegerId" />
		<result column="source_details_id" property="sourceDetailsId" />
		<result column="is_row_close" property="isRowClose" />
		<result column="is_cancel" property="isCancel" />
		<result column="cancel_by" property="cancelBy" />
		<result column="cancel_date" property="cancelDate" />
		<result column="cancel_remark" property="cancelRemark" />
		<result column="product_kind" property="productKind" />
		<result column="physical_no" property="physicalNo" />
		<result column="from_system" property="fromSystem" />
		<result column="remark" property="remark" />
		<result column="status" property="status" />
		<result column="creater_id" property="createrId" />
		<result column="create_time" property="createTime" />
		<result column="last_alter_id" property="lastAlterId" />
		<result column="last_alter_time" property="lastAlterTime" />
	</resultMap>
	
	<!--折扣信息单-数据项目  -->
	<sql id="queryPoDiscountData">
		select d.item_name po_policy_name,d1.item_name policy_method_name,c.cust_name customer_name,
			a.* 
		from po_discount a 
		left outer join customer c on a.customer_id=c.fd_id
		left outer join dict_data d on a.po_policy_id=d.fd_id
		left outer join dict_data d1 on a.policy_method_id=d1.fd_id
	</sql>
	
	
	<!--折扣信息单-列表  -->
	<select id="queryPoDiscountList" parameterType="Object" resultMap="PoDiscountExtResultMap">
		<include refid="queryPoDiscountData" />
	 		where 1=1 
	  	  	<if test=" null != customerId ">
				and a.customer_id=#{customerId}
		  	</if>
		  	<if test=" null != startDate ">
				and a.start_date &gt;=#{startDate}
		  	</if>
		  	<if test=" null != endDate ">
				and a.end_date &lt;=#{endDate}
		  	</if>
	</select> 

</mapper>

  



