<?xml version="1.0" encoding="UTF-8"?>
<!DOCTYPE mapper PUBLIC "-//mybatis.org//DTD Mapper 3.0//EN" "http://mybatis.org/dtd/mybatis-3-mapper.dtd">
<mapper namespace="com.hwagain.sp.policy.mapper.PoOverMapper">

	<!-- 通用查询映射结果 -->
	<resultMap id="BaseResultMap" type="com.hwagain.sp.policy.entity.PoOver">
		<id column="fd_id" property="fdId" />
		<result column="fd_year" property="fdYear" />
		<result column="fd_month" property="fdMonth" />
		<result column="start_date" property="startDate" />
		<result column="end_date" property="endDate" />
		<result column="platform" property="platform" />
		<result column="paper_type" property="paperType" />
		<result column="class_name" property="className" />
		<result column="is_promise" property="isPromise" />
		<result column="base_condition" property="baseCondition" />
		<result column="base_amount" property="baseAmount" />
		<result column="over_condition" property="overCondition" />
		<result column="over_amount" property="overAmount" />
		<result column="other_condition" property="otherCondition" />
		<result column="other_amount" property="otherAmount" />
		<result column="remark" property="remark" />
		<result column="status" property="status" />
		<result column="creater_id" property="createrId" />
		<result column="create_time" property="createTime" />
		<result column="last_alter_id" property="lastAlterId" />
		<result column="last_alter_time" property="lastAlterTime" />
		<result column="oa_code" property="oaCode" />
	</resultMap>

</mapper>
