<?xml version="1.0" encoding="UTF-8"?>
<!DOCTYPE mapper PUBLIC "-//mybatis.org//DTD Mapper 3.0//EN" "http://mybatis.org/dtd/mybatis-3-mapper.dtd">
<mapper namespace="com.hwagain.sp.policy.mapper.PoPolicyMapper">

	<!-- 通用查询映射结果 -->
	<resultMap id="BaseResultMap" type="com.hwagain.sp.policy.entity.PoPolicy">
		<id column="fd_id" property="fdId" />
		<result column="fd_year" property="fdYear" />
		<result column="fd_month" property="fdMonth" />
		<result column="start_date" property="startDate" />
		<result column="end_date" property="endDate" />
		<result column="is_import_white" property="isImportWhite" />
		<result column="is_import_color" property="isImportColor" />
		<result column="is_3900_white" property="is3900White" />
		<result column="is_3900_color" property="is3900Color" />
		<result column="is_1575_white" property="is1575White" />
		<result column="is_all" property="isAll" />
		<result column="base_amount" property="baseAmount" />
		<result column="base_avg_amount" property="baseAvgAmount" />
		<result column="promise_amount" property="promiseAmount" />
		<result column="fbase_amount" property="fbaseAmount" />
		<result column="fbase_avg_amount" property="fbaseAvgAmount" />
		<result column="fpromise_amount" property="fpromiseAmount" />
		<result column="remark" property="remark" />
		<result column="status" property="status" />
		<result column="creater_id" property="createrId" />
		<result column="create_time" property="createTime" />
		<result column="last_alter_id" property="lastAlterId" />
		<result column="last_alter_time" property="lastAlterTime" />
		<result column="oa_code" property="oaCode" />
	</resultMap>
	<resultMap id="ResultMap" type="com.hwagain.sp.policy.entity.PoPolicy">
		<id column="fd_id" property="fdId" />
		<result column="fd_year" property="fdYear" />
		<result column="fd_month" property="fdMonth" />
		<result column="start_date" property="startDate" />
		<result column="end_date" property="endDate" />
		<result column="is_import_white" property="isImportWhite" />
		<result column="is_import_color" property="isImportColor" />
		<result column="is_3900_white" property="is3900White" />
		<result column="is_3900_color" property="is3900Color" />
		<result column="is_1575_white" property="is1575White" />
		<result column="is_all" property="isAll" />
		<result column="base_amount" property="baseAmount" />
		<result column="base_avg_amount" property="baseAvgAmount" />
		<result column="promise_amount" property="promiseAmount" />
		<result column="fbase_amount" property="fbaseAmount" />
		<result column="fbase_avg_amount" property="fbaseAvgAmount" />
		<result column="fpromise_amount" property="fpromiseAmount" />
		<result column="remark" property="remark" />
		<result column="status" property="status" />
		<result column="creater_id" property="createrId" />
		<result column="create_time" property="createTime" />
		<result column="last_alter_id" property="lastAlterId" />
		<result column="last_alter_time" property="lastAlterTime" />
		<result column="oa_code" property="oaCode" />
		<collection property="details" ofType="com.hwagain.sp.policy.entity.PoPolicyDetails">
            <!-- 定义这个集合中元素的封装规则 -->
	        <result column="did" property="fdId" />
			<result column="po_policy_id" property="poPolicyId" />
			<result column="level" property="level" />
			<result column="min_weight" property="minWeight" />
			<result column="max_weight" property="maxWeight" />
			<result column="amount" property="amount" />
			<result column="fmin_weight" property="fminWeight" />
			<result column="fmax_weight" property="fmaxWeight" />
			<result column="famount" property="famount" />
        </collection>
	</resultMap>
	<select id="findAllList" resultMap="ResultMap">
        select po.fd_id
			,po.fd_year
			,po.fd_month
			,po.start_date
			,po.end_date
			,po.is_import_white
			,po.is_import_color
			,po.is_3900_white
			,po.is_3900_color
			,po.is_1575_white
			,po.is_all
			,po.base_amount
			,po.base_avg_amount
			,po.promise_amount
			,po.fbase_amount
			,po.fbase_avg_amount
			,po.fpromise_amount
			,po.remark
			,po.status
			,d.level
			,d.fd_id did
			,d.po_policy_id
			,d.level
			,d.min_weight
			,d.max_weight
			,d.amount
			,d.fmin_weight
			,d.fmax_weight
			,d.famount
			from po_policy po 
			left join po_policy_details d on po.fd_id=d.po_policy_id
			where po.fd_year=#{fdYear} and po.fd_month=#{fdMonth}
			order by po.is_import_white
			,po.is_import_color
			,po.is_3900_white
			,po.is_3900_color
			,po.is_1575_white
			,po.is_all
			,d.level asc
    </select>
</mapper>
