<?xml version="1.0" encoding="UTF-8"?>
<!DOCTYPE mapper PUBLIC "-//mybatis.org//DTD Mapper 3.0//EN" "http://mybatis.org/dtd/mybatis-3-mapper.dtd">
<mapper namespace="com.hwagain.sp.policy.mapper.PoPolicyDetailsMapper">

	<!-- 通用查询映射结果 -->
	<resultMap id="BaseResultMap" type="com.hwagain.sp.policy.entity.PoPolicyDetails">
		<id column="fd_id" property="fdId" />
		<result column="po_policy_id" property="poPolicyId" />
		<result column="level" property="level" />
		<result column="min_weight" property="minWeight" />
		<result column="max_weight" property="maxWeight" />
		<result column="amount" property="amount" />
		<result column="fmin_weight" property="fminWeight" />
		<result column="fmax_weight" property="fmaxWeight" />
		<result column="famount" property="famount" />
	</resultMap>

</mapper>
