<?xml version="1.0" encoding="UTF-8"?>
<!DOCTYPE generatorConfiguration
        PUBLIC "-//mybatis.org//DTD MyBatis Generator Configuration 1.0//EN"
        "http://mybatis.org/dtd/mybatis-generator-config_1_0.dtd">
<generatorConfiguration>
    <!--数据库驱动-->
    <classPathEntry location="mysql-connector-java-8.0.13.jar"/>
    <context id="DB2Tables" targetRuntime="MyBatis3">
        <commentGenerator>
            <property name="suppressDate" value="true"/>
            <property name="suppressAllComments" value="true"/>
        </commentGenerator>
        <!--数据库链接地址账号密码-->
        <jdbcConnection driverClass="com.mysql.cj.jdbc.Driver" connectionURL="jdbc:mysql://localhost:3306/hw-sp"
                        userId="root" password="123456">
        </jdbcConnection>
        <javaTypeResolver>
            <property name="forceBigDecimals" value="false"/>
        </javaTypeResolver>


        <javaModelGenerator targetPackage="com.hwagain.sp.policy.entity" targetProject="src">
            <property name="enableSubPackages" value="true"/>
            <property name="trimStrings" value="true"/>
        </javaModelGenerator>

        <sqlMapGenerator targetPackage="com.hwagain.sp.policy.mapper.xml" targetProject="src">
            <property name="enableSubPackages" value="true"/>
        </sqlMapGenerator>

        <javaClientGenerator type="XMLMAPPER" targetPackage="com.hwagain.sp.policy.mapper" targetProject="src">
            <property name="enableSubPackages" value="true"/>
        </javaClientGenerator>

        <!--生成对应表及类名-->
        <table tableName="po_transport" domainObjectName="PoTransport" enableCountByExample="false"
               enableUpdateByExample="false" enableDeleteByExample="false" enableSelectByExample="false"
               selectByExampleQueryId="false"></table>
        <table tableName="po_area" domainObjectName="PoArea" enableCountByExample="false" enableUpdateByExample="false"
               enableDeleteByExample="false" enableSelectByExample="false" selectByExampleQueryId="false"></table>
        <table tableName="customer" domainObjectName="Customer" enableCountByExample="false"
               enableUpdateByExample="false" enableDeleteByExample="false" enableSelectByExample="false"
               selectByExampleQueryId="false"></table>
    </context>
</generatorConfiguration>

