<?xml version="1.0" encoding="UTF-8"?>
<!DOCTYPE mapper PUBLIC "-//mybatis.org//DTD Mapper 3.0//EN" "http://mybatis.org/dtd/mybatis-3-mapper.dtd">
<mapper namespace="com.hwagain.sp.price.mapper.ImPriceAdjustMapper">

	<!-- 通用查询映射结果 -->
	<resultMap id="BaseResultMap" type="com.hwagain.sp.price.entity.ImPriceAdjust">
		<id column="fd_id" property="fdId" />
		<result column="import_price_id" property="importPriceId" />
		<result column="source_price" property="sourcePrice" />
		<result column="add_price" property="addPrice" />
		<result column="price" property="price" />
		<result column="start_date" property="startDate" />
		<result column="end_date" property="endDate" />
		<result column="remark" property="remark" />
		<result column="creater_id" property="createrId" />
		<result column="create_time" property="createTime" />
		<result column="last_alter_id" property="lastAlterId" />
		<result column="last_alter_time" property="lastAlterTime" />
		<result column="status" property="status" />
		<result column="OACode" property="OACode" />
		<result column="batch_id" property="batchId" />
		<result column="is_delete" property="isDelete" />
	</resultMap>

</mapper>
