<?xml version="1.0" encoding="UTF-8"?>
<!DOCTYPE mapper PUBLIC "-//mybatis.org//DTD Mapper 3.0//EN" "http://mybatis.org/dtd/mybatis-3-mapper.dtd">
<mapper namespace="com.hwagain.sp.price.mapper.ImPriceAddConditionMapper">

	<!-- 通用查询映射结果 -->
	<resultMap id="BaseResultMap" type="com.hwagain.sp.price.entity.ImPriceAddCondition">
		<id column="fd_id" property="fdId" />
		<result column="width" property="width" />
		<result column="qty" property="qty" />
		<result column="add_price" property="addPrice" />
		<result column="is_policy" property="isPolicy" />
		<result column="start_date" property="startDate" />
		<result column="end_date" property="endDate" />
		<result column="remark" property="remark" />
		<result column="status" property="status" />
		<result column="creater_id" property="createrId" />
		<result column="create_time" property="createTime" />
		<result column="last_alter_id" property="lastAlterId" />
		<result column="last_alter_time" property="lastAlterTime" />
	</resultMap>
	<resultMap id="queryDataMap" type="com.hwagain.sp.price.dto.ImSpecialSetPriceDto">
		<id column="fd_id" property="fdId" />
		<result column="enterprise_set_no" property="enterpriseSetNo" />
		<result column="class_no" property="classNo" />
		<result column="ration" property="ration" />
		<result column="layers" property="layers" />
		<result column="width" property="width" />
		<result column="cut_spec" property="cutSpec" />
		<result column="totalWidth" property="totalWidth" />
		<result column="diameter" property="diameter" />
		<result column="wrinkle_rate" property="wrinkleRate" />
		<result column="normal_price" property="normalPrice" />
		<result column="physical_no" property="physicalNo" />
		<result column="start_date" property="startDate" />
		<result column="end_date" property="endDate" />
		<result column="add_price" property="addPrice" />
		<result column="qty" property="qty" />
		<result column="minWidthAddPrice" property="minWidthAddPrice" />
		<result column="price" property="price" />
		<result column="is_policy" property="isPolicy" />
		<result column="is_history" property="isHistory" />
		
	</resultMap>
	
	
	<select id="findList" parameterType="Object" resultMap="queryDataMap">
        select a.enterprise_set_no enterpriseSetNo,a.class_no classNo,a.ration ration,a.layer layer,a.cut_spec cutSpec,
		d.total_width totalWidth,d.diameter diameter,d.normal_price normalPrice,d.add_price addPrice,b.width width,b.qty qty,
		d.price price,d.start_date startDate,d.end_date endDate,d.is_policy isPolicy,d.physical_no physicalNo,
		d.is_history isHistory,d.wrinkle_rate wrinkleRate
		FROM product_set a left JOIN product_set_detail b on a.enterprise_set_no=b.enterprise_set_no
		LEFT JOIN product c on b.enterprise_width_no=c.product_no
		left join im_special_price d on d.ration=a.ration and d.wrinkle_rate=c.wrinkle_rate and d.physical_no=c.physical_no
		WHERE a.kind_no='c' and d.is_history=#{isHistory}
	</select>
	
	<select id="findHistory" parameterType="Object" resultMap="queryDataMap">
        select a.enterprise_set_no enterpriseSetNo,a.class_no classNo,a.ration ration,a.layer layer,a.cut_spec cutSpec,
		d.total_width totalWidth,d.diameter diameter,d.normal_price normalPrice,d.add_price addPrice,b.width width,b.qty qty,
		d.price price,d.start_date startDate,d.end_date endDate,d.is_policy isPolicy,d.physical_no physicalNo,
		d.is_history isHistory,d.wrinkle_rate wrinkleRate
		FROM product_set a left JOIN product_set_detail b on a.enterprise_set_no=b.enterprise_set_no
		LEFT JOIN product c on b.enterprise_width_no=c.product_no
		left join im_special_price d on d.ration=a.ration and d.wrinkle_rate=c.wrinkle_rate and d.physical_no=c.physical_no
		WHERE a.kind_no='c' and d.is_history=#{isHistory} and d.physical_no=#{physicalNo} 
		and d.wrinkle_rate=#{wrinkleRate} and d.ration=#{ration}

	</select>

</mapper>
