<?xml version="1.0" encoding="UTF-8"?>
<!DOCTYPE mapper PUBLIC "-//mybatis.org//DTD Mapper 3.0//EN" "http://mybatis.org/dtd/mybatis-3-mapper.dtd">
<mapper namespace="com.hwagain.sp.price.mapper.ImPriceRptMapper">

	<resultMap id="ImPriceRptMap" type="com.hwagain.sp.price.dto.ImPriceRptDto">	    
		<id column="fd_id" property="fdId" />
		<result column="class_no" property="classNo" />
		<result column="kind_no" property="kindNo" />
		<result column="add_price" property="addPrice" />		
		<result column="start_date" property="startDate" />
		<result column="end_date" property="endDate" />
		<result column="is_policy" property="isPolicy" />		
		<result column="is_history" property="isHistory" />
		<result column="adjust_id" property="adjustId" />
		<result column="batch_id" property="batchId" />
		<result column="prodBase_id" property="prodBaseId" />
		<result column="is_delete" property="isDelete" />
		<result column="creater_id" property="createrId" />
		<result column="create_time" property="createTime" />
		<result column="last_alter_id" property="lastAlterId" />
		<result column="last_alter_time" property="lastAlterTime" />
	</resultMap>

	<!--统一销售价格表-数据项目  -->
	<sql id="queryImPriceData">
		select p.* , m.Name as classText,n.Name as kindText ,d.item_name as statusText
			from im_price p 
				 left join product_class m on p.Class_No=m.Class_No  and m.platform='Import'
				 left join product_kind n on p.Kind_No=n.Kind_No and n.platform='Import' 
				 left JOIN dict_data d ON p.Status=d.item_no AND type_name='AuditStatus'
	</sql>
	
	<!--统一销售价格表-列表  -->
	<select id="queryImPriceList" parameterType="Object" resultMap="ImPriceRptMap">
	    <include refid="queryImPriceData" />
		where p.Status = 30 and p.is_delete =0 and p.is_history =0
		  and p.start_date &lt;= NOW()
		order by p.Class_No ASC,p.color ASC
	</select>
	
	<!--价格录入-列表  -->
	<select id="queryInputList" parameterType="Object" resultMap="ImPriceRptMap">
	    <include refid="queryImPriceData" />
		where p.is_delete =0 and p.is_history =0
		  and p.Status != 30 and p.Status != 40
		order by p.Class_No ASC,p.color ASC
	</select>
	
	<!--历史价格明细-列表  -->
	<select id="queryHistoryPriceDetail" parameterType="Object" resultMap="ImPriceRptMap">
	    <include refid="queryImPriceData" />
		where p.is_delete=0 and (p.`status` =30 or p.`status` =40)
		  and p.start_date=#{startDate} 		  
		  and p.price=#{price} 
		  <if test=" null == addPrice ">
				and p.add_price is null
		  </if>
		  <if test=" null != addPrice ">
				and p.add_price=#{addPrice} 
		  </if>
		order by p.Class_No ASC,p.color ASC
	</select>
	
	<!--价格录入-按OaCode查询  -->
	<select id="queryInputByOaCode" parameterType="Object" resultMap="ImPriceRptMap">
	    <include refid="queryImPriceData" />
		where p.OACode=#{oACode} 
		order by p.Class_No ASC,p.color ASC
	</select>
	
	<resultMap id="ImAdjustRptMap" type="com.hwagain.sp.price.dto.ImPriceAdjustRptDto">	    
		<id column="fd_id" property="fdId" />
		<result column="class_no" property="classNo" />
		<result column="kind_no" property="kindNo" />
		<result column="add_price" property="addPrice" />		
		<result column="start_date" property="startDate" />
		<result column="end_date" property="endDate" />
		<result column="is_policy" property="isPolicy" />		
		<result column="is_history" property="isHistory" />
		<result column="adjust_id" property="adjustId" />
		<result column="batch_id" property="batchId" />
		<result column="prodBase_id" property="prodBaseId" />
		<result column="is_delete" property="isDelete" />
		<result column="creater_id" property="createrId" />
		<result column="create_time" property="createTime" />
		<result column="last_alter_id" property="lastAlterId" />
		<result column="last_alter_time" property="lastAlterTime" />
	</resultMap>
	
	<!--价格调整-数据项目  -->
	<sql id="queryImAdjustData">
		select p.* , m.Name as classText,n.Name as kindText ,d.item_name as statusText ,
				j.fd_id adj_fdId,j.import_price_id importPriceId,
				j.source_price adj_sourcePrice,j.add_price adj_addPrice,j.price adj_price,
				j.role adj_role,
				j.start_date adj_startDate,j.end_date adj_endDate,j.remark adj_remark,
				j.creater_id adj_createrId,j.create_time adj_createTime,j.last_alter_id adj_lastAlterId,j.last_alter_time adj_lastAlterTime,
				j.status adj_status,j.OACode adj_OACode,j.batch_id adj_batchId,j.is_delete adj_isDelete
		from im_price p 
					left join product_class m on p.Class_No=m.Class_No  and m.platform='Import'
					left join product_kind n on p.Kind_No=n.Kind_No and n.platform='Import'  ,
			   im_price_adjust j
					left JOIN dict_data d ON j.Status=d.item_no AND type_name='AuditStatus'
		where j.import_price_id = p.fd_Id and j.is_delete=0
	</sql>
	
	<!--价格调整-列表  -->
	<select id="queryAdjustList" parameterType="Object" resultMap="ImAdjustRptMap">
	    <include refid="queryImAdjustData" />
		and j.Status != 30 
		<if test=" null != onlyChanged and onlyChanged == 1 ">
			and j.add_price is not null
		</if>
		order by p.Class_No ASC,p.color ASC
	</select>
	
	<!--价格调整-按OaCode查询  -->
	<select id="queryAdjustByOaCode" parameterType="Object" resultMap="ImAdjustRptMap">
	    <include refid="queryImAdjustData" />		
		and j.OACode=#{oACode} 
		<if test=" null != onlyChanged and onlyChanged == 1 ">
			and j.add_price is not null
		</if>
		order by p.Class_No ASC,p.color ASC
	</select>
	
	<!--==========================================================================-->
	<select id="findNewHistory" parameterType="Object" resultMap="ImAdjustRptMap">
		<include refid="queryImAdjustData" />
		and j.creater_id=#{createrId} and j.status=1
		<if test=" null != onlyChanged and onlyChanged == 1 ">
			and j.add_price is not null
		</if>
		order by p.Class_No ASC,p.color ASC
		
	</select>
	
	<!--统一销售价格表-列表  -->
	<select id="findAllList" parameterType="Object" resultMap="ImPriceRptMap">
	    <include refid="queryImPriceData" />
		where p.Status = 1 and p.is_delete =0 and p.is_history =0
		  and p.start_date &lt;= NOW()
		order by p.Class_No ASC,p.color ASC
	</select>
</mapper>
