<?xml version="1.0" encoding="UTF-8"?>
<!DOCTYPE mapper PUBLIC "-//mybatis.org//DTD Mapper 3.0//EN" "http://mybatis.org/dtd/mybatis-3-mapper.dtd">
<mapper namespace="com.hwagain.sp.price.mapper.ImPriceAddConditionEditMapper">

	<!-- 通用查询映射结果 -->
	<resultMap id="BaseResultMap" type="com.hwagain.sp.price.entity.ImPriceAddConditionEdit">
		<id column="fd_id" property="fdId" />
		<result column="width" property="width" />
		<result column="qty" property="qty" />
		<result column="add_price" property="addPrice" />
		<result column="is_policy" property="isPolicy" />
		<result column="start_date" property="startDate" />
		<result column="end_date" property="endDate" />
		<result column="remark" property="remark" />
		<result column="status" property="status" />
		<result column="role" property="role" />
		<result column="creater_id" property="createrId" />
		<result column="create_time" property="createTime" />
		<result column="last_alter_id" property="lastAlterId" />
		<result column="last_alter_time" property="lastAlterTime" />
	</resultMap>

</mapper>
