<?xml version="1.0" encoding="UTF-8"?>
<!DOCTYPE mapper PUBLIC "-//mybatis.org//DTD Mapper 3.0//EN" "http://mybatis.org/dtd/mybatis-3-mapper.dtd">
<mapper namespace="com.hwagain.sp.price.mapper.ImSpecialPriceAdjustMapper">

	<!-- 通用查询映射结果 -->
	<resultMap id="BaseResultMap" type="com.hwagain.sp.price.entity.ImSpecialPriceAdjust">
		<id column="fd_id" property="fdId" />
		<result column="im_special_price_id" property="imSpecialPriceId" />
		<result column="normal_price" property="normalPrice" />
		<result column="source_add_price" property="sourceAddPrice" />
		<result column="adjust_add_price" property="adjustAddPrice" />
		<result column="source_exec_price" property="sourceExecPrice" />
		<result column="adjust_exec_price" property="adjustExecPrice" />
		<result column="start_date" property="startDate" />
		<result column="end_date" property="endDate" />
		<result column="remark" property="remark" />
		<result column="status" property="status" />
		<result column="status_text" property="statusText" />
		<result column="is_policy" property="isPolicy" />
		<result column="is_delete" property="isDelete" />
		<result column="creater_name" property="createrName" />
		<result column="creater_id" property="createrId" />
		<result column="create_time" property="createTime" />
		<result column="last_alter_id" property="lastAlterId" />
		<result column="last_alter_time" property="lastAlterTime" />
	</resultMap>

</mapper>
