<?xml version="1.0" encoding="UTF-8"?>
<!DOCTYPE mapper PUBLIC "-//mybatis.org//DTD Mapper 3.0//EN" "http://mybatis.org/dtd/mybatis-3-mapper.dtd">
<mapper namespace="com.hwagain.sp.price.mapper.ImSpecialPriceMapper">

	<!-- 通用查询映射结果 -->
	<resultMap id="BaseResultMap" type="com.hwagain.sp.price.entity.ImSpecialPrice">
		<id column="fd_id" property="fdId" />
		<result column="class_no" property="classNo" />
		<result column="ration" property="ration" />
		<result column="wrinkle_rate" property="wrinkleRate" />
		<result column="layer" property="layer" />
		<result column="total_width" property="totalWidth" />
		<result column="minTotalWidth" property="minTotalWidth" />
		<result column="maxTotalWidth" property="maxTotalWidth" />
		<result column="diameter" property="diameter" />
		<result column="minDiameter" property="minDiameter" />
		<result column="maxDiameter" property="maxDiameter" />
		<result column="normal_price" property="normalPrice" />
		<result column="add_price" property="addPrice" />
		<result column="price" property="price" />
		<result column="start_date" property="startDate" />
		<result column="end_date" property="endDate" />
		<result column="is_policy" property="isPolicy" />
		<result column="physical_no" property="physicalNo" />
		<result column="order_no" property="orderNo" />
		<result column="remark" property="remark" />
		<result column="status" property="status" />
		<result column="is_history" property="isHistory" />
		<result column="adjust_id" property="adjustId" />
		<result column="batch_id" property="batchId" />
		<result column="is_delete" property="isDelete" />
		<result column="creater_id" property="createrId" />
		<result column="create_time" property="createTime" />
		<result column="last_alter_id" property="lastAlterId" />
		<result column="last_alter_time" property="lastAlterTime" />
	</resultMap>

</mapper>
