<?xml version="1.0" encoding="UTF-8"?>
<!DOCTYPE mapper PUBLIC "-//mybatis.org//DTD Mapper 3.0//EN" "http://mybatis.org/dtd/mybatis-3-mapper.dtd">
<mapper namespace="com.hwagain.sp.price.mapper.ImSpecialPriceExtMapper">

	<!-- 通用查询映射结果 -->
	<resultMap id="ImSpecialPriceExtMap" type="com.hwagain.sp.price.dto.ImSpecialPriceDto">
		<id column="fd_id" property="fdId" />
		<result column="class_no" property="classNo" />
		<result column="wrinkle_rate" property="wrinkleRate" />
		<result column="total_width" property="totalWidth" />
		<result column="normal_price" property="normalPrice" />
		<result column="add_price" property="addPrice" />
		<result column="start_date" property="startDate" />
		<result column="end_date" property="endDate" />
		<result column="is_policy" property="isPolicy" />
		<result column="physical_no" property="physicalNo" />
		<result column="order_no" property="orderNo" />
		<result column="is_history" property="isHistory" />
		<result column="adjust_id" property="adjustId" />
		<result column="batch_id" property="batchId" />
		<result column="is_delete" property="isDelete" />
		<result column="creater_id" property="createrId" />
		<result column="create_time" property="createTime" />
		<result column="last_alter_id" property="lastAlterId" />
		<result column="last_alter_time" property="lastAlterTime" />
	</resultMap>
	
	<!--特规品价格-数据项目  -->
	<sql id="queryImSpecialPriceData">
		select s.* , m.Name as classText 
		  from im_special_price s 
			     left join product_class m on s.Class_No=m.Class_No  and m.platform='Import'
	</sql>
	
	<!--特规品价格-列表  -->
	<select id="queryImSpecialPriceList" parameterType="Object" resultMap="ImSpecialPriceExtMap">
	    <include refid="queryImSpecialPriceData" />
		where s.is_delete = 0 and s.is_history=0
  		order by s.Class_No ASC, s.ration DESC,s.start_date DESC
	</select>
	
	<!--特规品价格-历史1  -->
	<select id="queryImSpecialHistory1" parameterType="Object" resultMap="ImSpecialPriceExtMap">
	    <include refid="queryImSpecialPriceData" />
		where s.is_delete = 0 and s.batch_id = #{batchId} 
  		order by s.create_time DESC
	</select>
	
	
	
	<resultMap id="ImSpecialAdjustExtMap" type="com.hwagain.sp.price.dto.ImSpecialPriceAdjustExtDto">
		<id column="fd_id" property="fdId" />
		<result column="class_no" property="classNo" />
		<result column="wrinkle_rate" property="wrinkleRate" />
		<result column="total_width" property="totalWidth" />
		<result column="normal_price" property="normalPrice" />
		<result column="add_price" property="addPrice" />
		<result column="start_date" property="startDate" />
		<result column="end_date" property="endDate" />
		<result column="is_policy" property="isPolicy" />
		<result column="physical_no" property="physicalNo" />
		<result column="order_no" property="orderNo" />
		<result column="is_history" property="isHistory" />
		<result column="adjust_id" property="adjustId" />
		<result column="batch_id" property="batchId" />
		<result column="is_delete" property="isDelete" />
		<result column="creater_id" property="createrId" />
		<result column="create_time" property="createTime" />
		<result column="last_alter_id" property="lastAlterId" />
		<result column="last_alter_time" property="lastAlterTime" />		
		
		<result column="im_special_price_id" property="imSpecialPriceId" />
		<result column="source_add_price" property="sourceAddPrice" />
		<result column="adjust_add_price" property="adjustAddPrice" />
		<result column="source_exec_price" property="sourceExecPrice" />
		<result column="adjust_exec_price" property="adjustExecPrice" />
	</resultMap>
	
	<!--特规品价格调整-数据项目  -->
	<sql id="queryImSpecialAdjustData">
		select s.* , m.Name as classText ,
		        j.fd_id adj_fdId,j.im_special_price_id, j.normal_price adj_normalPrice,
				j.source_add_price,j.adjust_add_price,j.source_exec_price,j.adjust_exec_price,
				j.start_date adj_startDate,j.end_date adj_endDate,j.remark adj_remark,j.is_policy adj_isPolicy,
				j.status adj_status,j.status_text adj_statusText,j.is_delete adj_isDelete,
				j.creater_id adj_createrId,j.create_time adj_createTime,j.creater_name adj_createrName,
				j.last_alter_id adj_lastAlterId,j.last_alter_time adj_lastAlterTime
		  from im_special_price s 
			     left join product_class m on s.Class_No=m.Class_No  and m.platform='Import' ,
			     im_special_price_adjust j		 
		where s.fd_id = j.im_special_price_id and j.is_delete =0
	</sql>
	
	
	<!--特规品价格调整-列表  -->
	<select id="queryImSpecialAdjustList" parameterType="Object" resultMap="ImSpecialAdjustExtMap">
	    <include refid="queryImSpecialAdjustData" />
		  and j.creater_id = #{curUserId} and j.status =0
  		order by s.Class_No ASC, s.ration DESC,s.start_date DESC
	</select>
	
	
	
	
	
	
	
	

</mapper>