<?xml version="1.0" encoding="UTF-8"?>
<!DOCTYPE mapper PUBLIC "-//mybatis.org//DTD Mapper 3.0//EN" "http://mybatis.org/dtd/mybatis-3-mapper.dtd">
<mapper namespace="com.hwagain.sp.disobey.mapper.BaseDisobeyMapper">

	<!-- 通用查询映射结果 -->
	<resultMap id="BaseResultMap" type="com.hwagain.sp.disobey.entity.BaseDisobey">
		<id column="fd_id" property="fdId" />
		<result column="disobey_content" property="disobeyContent" />
		<result column="unit" property="unit" />
		<result column="penalty_standard" property="penaltyStandard" />
		<result column="start_time" property="startTime" />
		<result column="end_time" property="endTime" />
		<result column="remark" property="remark" />
		<result column="status" property="status" />
		<result column="creater_id" property="createrId" />
		<result column="create_time" property="createTime" />
		<result column="last_alter_id" property="lastAlterId" />
		<result column="last_alter_time" property="lastAlterTime" />
	</resultMap>

</mapper>
