<?xml version="1.0" encoding="UTF-8"?>
<!DOCTYPE mapper PUBLIC "-//mybatis.org//DTD Mapper 3.0//EN" "http://mybatis.org/dtd/mybatis-3-mapper.dtd">
<mapper namespace="com.hwagain.sp.disobey.mapper.BaseDisobeyEditMapper">

	<!-- 通用查询映射结果 -->
	<resultMap id="BaseResultMap" type="com.hwagain.sp.disobey.entity.BaseDisobeyEdit">
		<id column="fd_id" property="fdId" />
		<result column="disobey_content" property="disobeyContent" />
		<result column="unit" property="unit" />
		<result column="penalty_standard" property="penaltyStandard" />
		<result column="start_time" property="startTime" />
		<result column="end_time" property="endTime" />
		<result column="remark" property="remark" />
		<result column="creater_id" property="createrId" />
		<result column="create_time" property="createTime" />
		<result column="last_alter_id" property="lastAlterId" />
		<result column="last_alter_time" property="lastAlterTime" />
		<result column="role" property="role" />
		<result column="status" property="status" />
		<result column="status_text" property="statusText" />
	</resultMap>
	
	<sql id="queryDisobeyEditData">
		select fd_id fdId,disobey_content disobeyContent,unit,penalty_standard penaltyStandard,
		start_time startTime,remark,creater_id createrId,status,status_text statusText from base_disobey_edit where status=0
	</sql>
	
	<select id="queryEditList" parameterType="Object" resultType="com.hwagain.sp.disobey.dto.BaseDisobeyEditDto">
		<include refid="queryDisobeyEditData" />
		and creater_id=#{curUserId} 
	</select>

</mapper>
