<?xml version="1.0" encoding="UTF-8"?>
<!DOCTYPE mapper PUBLIC "-//mybatis.org//DTD Mapper 3.0//EN" "http://mybatis.org/dtd/mybatis-3-mapper.dtd">
<mapper namespace="com.hwagain.sp.disobey.mapper.ImDisobeyChannelingRptMapper">

	<!-- 通用查询映射结果 -->
	<resultMap id="ImChannelingRptMap" type="com.hwagain.sp.disobey.dto.ImDisobeyChannelingRptDto">
		<id column="fd_id" property="fdId" />
		<result column="pickup_order_id" property="pickupOrderId" />
		<result column="customer_id" property="customerId" />
		<result column="customer_name" property="customerName" />
		<result column="shipment_date" property="shipmentDate" />
		<result column="logis_company" property="logisCompany" />
		<result column="car_no" property="carNo" />
		<result column="customer_area" property="customerArea" />
		<result column="channeling_area" property="channelingArea" />
		<result column="place_point" property="placePoint" />
		<result column="channeling_date" property="channelingDate" />
		<result column="apply_amount" property="applyAmount" />
		<result column="deduct_amount" property="deductAmount" />
		<result column="deduct_date" property="deductDate" />
		<result column="oa_status" property="oaStatus" />
		<result column="oa_code" property="oaCode" />
		<result column="creater_id" property="createrId" />
		<result column="create_time" property="createTime" />
		<result column="last_alter_id" property="lastAlterId" />
		<result column="last_alter_time" property="lastAlterTime" />
	</resultMap>
	
	<sql id="queryImChannelingData">
		select c.* ,d.item_name as statusText
			from im_disobey_channeling c  
				 left JOIN dict_data d ON c.status=d.item_no AND type_name='AuditStatus'
	</sql>

	<select id="queryChannelingSendOAList" parameterType="Object" resultMap="ImChannelingRptMap">
	    <include refid="queryImChannelingData" />
		where c.status=10 
		order by c.shipment_date ASC
	</select>
	
	<select id="queryChannelingApplyList" parameterType="Object" resultMap="ImChannelingRptMap">
	    <include refid="queryImChannelingData" />
		where c.`status` in(10,11)
		order by c.shipment_date ASC
	</select>
	
	<select id="queryChannelingByOACode" parameterType="Object" resultMap="ImChannelingRptMap">
		<include refid="queryImChannelingData"></include>
		where oa_code=#{oaCode}
		order by c.shipment_date ASC
	</select>

	<select id="queryImChannelingList" parameterType="Object" resultMap="ImChannelingRptMap">
	    select c.* ,d.item_name as statusText,DATE_FORMAT(o.create_time,'%Y-%m-%d') as disposeDate 
			from im_disobey_channeling c  
				 left JOIN dict_data d ON c.status=d.item_no AND type_name='AuditStatus'
	    			left JOIN oa_aduit o on c.oa_code=o.oa_code and o.platform='Import' and table_name='im_disobey_channeling' and status=30
		where c.status = 30 
		order by o.create_time DESC
	</select>
</mapper>
