<?xml version="1.0" encoding="UTF-8"?>
<!DOCTYPE mapper PUBLIC "-//mybatis.org//DTD Mapper 3.0//EN" "http://mybatis.org/dtd/mybatis-3-mapper.dtd">
<mapper namespace="com.hwagain.sp.disobey.mapper.ImDisobeyChannelingMapper">

	<!-- 通用查询映射结果 -->
	<resultMap id="BaseResultMap" type="com.hwagain.sp.disobey.entity.ImDisobeyChanneling">
		<id column="fd_id" property="fdId" />
		<result column="pickup_order_id" property="pickupOrderId" />
		<result column="customer_id" property="customerId" />
		<result column="customer_name" property="customerName" />
		<result column="shipment_date" property="shipmentDate" />
		<result column="logis_company" property="logisCompany" />
		<result column="car_no" property="carNo" />
		<result column="customer_area" property="customerArea" />
		<result column="channeling_area" property="channelingArea" />
		<result column="place_point" property="placePoint" />
		<result column="channeling_date" property="channelingDate" />
		<result column="weight" property="weight" />
		<result column="amount" property="amount" />
		<result column="apply_amount" property="applyAmount" />
		<result column="deduct_amount" property="deductAmount" />
		<result column="deduct_date" property="deductDate" />
		<result column="remarks" property="remarks" />
		<result column="status" property="status" />
		<result column="oa_status" property="oaStatus" />
		<result column="oa_code" property="oaCode" />
		<result column="creater_id" property="createrId" />
		<result column="create_time" property="createTime" />
		<result column="last_alter_id" property="lastAlterId" />
		<result column="last_alter_time" property="lastAlterTime" />
	</resultMap>

</mapper>
