<?xml version="1.0" encoding="UTF-8"?>
<!DOCTYPE mapper PUBLIC "-//mybatis.org//DTD Mapper 3.0//EN" "http://mybatis.org/dtd/mybatis-3-mapper.dtd">
<mapper namespace="com.hwagain.sp.disobey.mapper.ImDisobeyOverPeriodMapper">

	<!-- 通用查询映射结果 -->
	<resultMap id="BaseResultMap" type="com.hwagain.sp.disobey.entity.ImDisobeyOverPeriod">
		<id column="fd_id" property="fdId" />
		<result column="order_id" property="orderId" />
		<result column="customer_id" property="customerId" />
		<result column="customer_name" property="customerName" />
		<result column="kind_no" property="kindNo" />
		<result column="last_pickup_date" property="lastPickupDate" />
		<result column="over_days" property="overDays" />
		<result column="weight" property="weight" />
		<result column="goin_weight" property="goinWeight" />
		<result column="pickup_weight" property="pickupWeight" />
		<result column="remain_weight" property="remainWeight" />
		<result column="order_amount" property="orderAmount" />
		<result column="remain_amount" property="remainAmount" />
		<result column="deduct_amount" property="deductAmount" />
		<result column="is_dedect" property="isDedect" />
		<result column="apply_deduct_amount" property="applyDeductAmount" />
		<result column="deduct_date" property="deductDate" />
		<result column="remarks" property="remarks" />
		<result column="status" property="status" />
		<result column="oa_status" property="oaStatus" />
		<result column="oa_code" property="oaCode" />
		<result column="creater_id" property="createrId" />
		<result column="create_time" property="createTime" />
		<result column="last_alter_id" property="lastAlterId" />
		<result column="last_alter_time" property="lastAlterTime" />
	</resultMap>

</mapper>
