<?xml version="1.0" encoding="UTF-8"?>
<!DOCTYPE mapper PUBLIC "-//mybatis.org//DTD Mapper 3.0//EN" "http://mybatis.org/dtd/mybatis-3-mapper.dtd">
<mapper namespace="com.hwagain.sp.disobey.mapper.ImDisobeyOverPeriodRptMapper">

	<!-- 通用查询映射结果 -->
	<resultMap id="ImOverPeriodMap" type="com.hwagain.sp.disobey.dto.ImDisobeyOverPeriodRptDto">
		<id column="fd_id" property="fdId" />
		<result column="order_id" property="orderId" />
		<result column="customer_id" property="customerId" />
		<result column="customer_name" property="customerName" />
		<result column="kind_no" property="kindNo" />
		<result column="last_pickup_date" property="lastPickupDate" />
		<result column="over_days" property="overDays" />
		<result column="goin_weight" property="goinWeight" />
		<result column="pickup_weight" property="pickupWeight" />
		<result column="remain_weight" property="remainWeight" />
		<result column="order_amount" property="orderAmount" />
		<result column="remain_amount" property="remainAmount" />
		<result column="deduct_amount" property="deductAmount" />
		<result column="is_dedect" property="isDedect" />
		<result column="apply_deduct_amount" property="applyDeductAmount" />
		<result column="deduct_date" property="deductDate" />
		<result column="oa_status" property="oaStatus" />
		<result column="oa_code" property="oaCode" />
		<result column="creater_id" property="createrId" />
		<result column="create_time" property="createTime" />
		<result column="last_alter_id" property="lastAlterId" />
		<result column="last_alter_time" property="lastAlterTime" />
	</resultMap>
	<sql id="overPeriodData">
		SELECT d.*,o.machine_type,p.`name` as kindName 
			from im_disobey_over_period d LEFT JOIN product_kind p on d.kind_no=p.kind_no and p.platform='Import' 
			LEFT JOIN im_order o on d.order_id=o.fd_id
			LEFT JOIN oa_aduit a on d.oa_code=a.oa_code and a.`status`=30 and a.platform='Import' 
	</sql>
	<select id="queryOverPeriodFromOrder"  parameterType="Object" resultType="com.hwagain.sp.disobey.dto.ImDisobeyOverPeriodListDto">
		SELECT order_no as orderNo,o.fd_id as orderId,o.customer_id customerId,o.customer_name customerName,machine_Type machineType,o.kind_no kindNo,p.`name` as kindName,
				o.finish_pick_date lastPickupDate,o.weight,s.deposit orderAmount  
			from im_order o LEFT JOIN product_kind p on o.kind_no=p.kind_no and p.platform='Import' 
			LEFT JOIN d_deposit_standard s on o.kind_no=s.kind_no and s.is_history=0
		  	<!-- where `status`=20 and o.order_no not in(select order_id -->
		  	where o.finish_pick_date  &lt; NOW() and o.order_no not in(select order_id
		  		from im_disobey_over_period where deduct_amount is not null and is_dedect is not null)
		and o.customer_id=#{customerId} 
		order by o.finish_pick_date ASC
	</select>
	<select id="queryOverPeriodCustomer"  parameterType="Object" resultType="com.hwagain.sp.disobey.dto.ImDisobeyOverPeriodListDto">
		SELECT DISTINCT o.customer_id customerId,IFNULL(c.short_name,o.customer_name) customerName 
			from im_order o LEFT JOIN product_kind p on o.kind_no=p.kind_no and p.platform='Import' 
			LEFT JOIN d_deposit_standard s on o.kind_no=s.kind_no and s.is_history=0 
			LEFT JOIN customer c on o.customer_id=c.fd_id 
		  	<!-- where `status`=20 and  and c.`use`=1 and o.order_no not in(select order_id  -->
		  	where o.finish_pick_date  &lt; NOW() and c.`use`=1 and o.order_no not in(select order_id
		  		from im_disobey_over_period where deduct_amount is not null and is_dedect is not null)
	</select>
	<select id="queryOverPeriodeDetailByCustomerId"  parameterType="Object" resultMap="ImOverPeriodMap">
		<include refid="overPeriodData" />
		where d.`status`=10 and d.customer_id=#{customerId} 
	</select>
	
	<select id="queryOverPeriodGroupByCust" parameterType="Object" resultType="com.hwagain.sp.disobey.dto.ImDisobeyOverPeriodListDto">
		select b.customer_type customerType,a.customer_id customerId,a.customer_name customerName,sum(a.weight) weight,sum(a.remain_weight) remainWeight,sum(a.remain_amount) remainAmount
		,sum(a.deduct_amount) deductAmount from im_disobey_over_period a LEFT JOIN base_customer_manager b on a.customer_id=b.customer_id
		where a.`status`=10
		group by b.customer_type,a.customer_id,a.customer_name
	</select>
	
	<select id="queryOverPeriodDeductList" parameterType="Object" resultType="com.hwagain.sp.disobey.dto.ImDisobeyOverPeriodListDto">
		select m.customer_type customerType,p.customer_id customerId,p.customer_name customerName from im_disobey_over_period p LEFT JOIN base_customer_manager m 
		on p.customer_id=m.customer_id
		INNER JOIN oa_aduit a on p.oa_code=a.oa_code and a.`status`=30
		where p.`status`=30 and a.create_time &gt;=#{date1}  and a.create_time &lt;=#{date2}
		group by m.customer_type,p.customer_id,p.customer_name 
	</select>
	
	<select id="queryOverPeriodDeductDetailList"  parameterType="Object" resultMap="ImOverPeriodMap">
		<include refid="overPeriodData" />
		where d.customer_id=#{customerId} and a.create_time &gt;=#{date1}  and a.create_time &lt;=#{date2}
	</select>
</mapper>
