<?xml version="1.0" encoding="UTF-8"?>
<!DOCTYPE mapper PUBLIC "-//mybatis.org//DTD Mapper 3.0//EN" "http://mybatis.org/dtd/mybatis-3-mapper.dtd">
<mapper namespace="com.hwagain.sp.customer.mapper.BaseCapacityEditMapper">

	<!-- 通用查询映射结果 -->
	<resultMap id="BaseResultMap" type="com.hwagain.sp.customer.entity.BaseCapacityEdit">
		<id column="fd_id" property="fdId" />
		<result column="machine_type" property="machineType" />
		<result column="machine_no" property="machineNo" />
		<result column="single_capacity" property="singleCapacity" />
		<result column="total_capacity" property="totalCapacity" />
		<result column="start_time" property="startTime" />
		<result column="end_time" property="endTime" />
		<result column="operator" property="operator" />
		<result column="remark" property="remark" />
		<result column="creater_id" property="createrId" />
		<result column="create_time" property="createTime" />
		<result column="last_alter_id" property="lastAlterId" />
		<result column="last_alter_time" property="lastAlterTime" />
		<result column="role" property="role" />
	</resultMap>

</mapper>
