<?xml version="1.0" encoding="UTF-8"?>
<!DOCTYPE mapper PUBLIC "-//mybatis.org//DTD Mapper 3.0//EN" "http://mybatis.org/dtd/mybatis-3-mapper.dtd">
<mapper namespace="com.hwagain.sp.customer.mapper.BaseCustomerManagerMapper">

	<!-- 通用查询映射结果 -->
	<resultMap id="BaseResultMap" type="com.hwagain.sp.customer.entity.BaseCustomerManager">
		<id column="fd_id" property="fdId" />
		<result column="province" property="province" />
		<result column="city" property="city" />
		<result column="customer_id" property="customerId" />
		<result column="customer_name" property="customerName" />
		<result column="customer_type" property="customerType" />
		<result column="sale_manager" property="saleManager" />
		<result column="operation_specialist" property="operationSpecialist" />
		<result column="bill_operator" property="billOperator" />
		<result column="operator" property="operator" />
		<result column="start_time" property="startTime" />
		<result column="end_time" property="endTime" />
		<result column="remark" property="remark" />
		<result column="creater_id" property="createrId" />
		<result column="create_time" property="createTime" />
		<result column="last_alter_id" property="lastAlterId" />
		<result column="last_alter_time" property="lastAlterTime" />
	</resultMap>

</mapper>
