<?xml version="1.0" encoding="UTF-8"?>
<!DOCTYPE mapper PUBLIC "-//mybatis.org//DTD Mapper 3.0//EN" "http://mybatis.org/dtd/mybatis-3-mapper.dtd">
<mapper namespace="com.hwagain.sp.customer.mapper.CustomerMapper">

	<!-- 通用查询映射结果 -->
	<resultMap id="BaseResultMap" type="com.hwagain.sp.customer.entity.Customer">
		<id column="fd_id" property="fdId" />
		<result column="map_import_id" property="mapImportId" />
		<result column="map_culture_id" property="mapCultureId" />
		<result column="map_china_id" property="mapChinaId" />
		<result column="province" property="province" />
		<result column="city" property="city" />
		<result column="county" property="county" />
		<result column="cust_name" property="custName" />
		<result column="short_name" property="shortName" />
		<result column="law_man" property="lawMan" />
		<result column="law_reposibility" property="lawReposibility" />
		<result column="mobile" property="mobile" />
		<result column="tel" property="tel" />
		<result column="fax" property="fax" />
		<result column="address" property="address" />
		<result column="post_no" property="postNo" />
		<result column="register_amount" property="registerAmount" />
		<result column="flow_amount" property="flowAmount" />
		<result column="year_amount" property="yearAmount" />
		<result column="is_use_finance_soft" property="isUseFinanceSoft" />
		<result column="soft_name" property="softName" />
		<result column="enterprise_type" property="enterpriseType" />
		<result column="is_rate_paying" property="isRatePaying" />
		<result column="investigate_by" property="investigateBy" />
		<result column="investigate_date" property="investigateDate" />
		<result column="dealer_type_id" property="dealerTypeId" />
		<result column="is_register" property="isRegister" />
		<result column="cust_type_name" property="custTypeName" />
		<result column="developer" property="developer" />
		<result column="startup_business" property="startupBusiness" />
		<result column="business_start_date" property="businessStartDate" />
		<result column="business_end_date" property="businessEndDate" />
		<result column="promise_weight" property="promiseWeight" />
		<result column="receiver_by" property="receiverBy" />
	<!-- 	<result column="lasted_update_date" property="lastedUpdateDate" /> -->
		<result column="receiver_mobile" property="receiverMobile" />
		<result column="use" property="use" />
		<result column="remark" property="remark" />
		<result column="status" property="status" />
		<result column="creater_id" property="createrId" />
		<result column="create_time" property="createTime" />
		<result column="last_alter_id" property="lastAlterId" />
		<result column="last_alter_time" property="lastAlterTime" />
	</resultMap>
	
	
	
</mapper>
