<configuration scan="true" scanPeriod="10 second" debug="true">
	<appender name="FILE"
		class="ch.qos.logback.core.rolling.RollingFileAppender">
		<encoder class="ch.qos.logback.classic.encoder.PatternLayoutEncoder">
			<pattern>[%-5level] [%date{yyyy-MM-dd HH:mm:ss}] [%thread]
				%logger{25} [%line] - %msg%n</pattern>
			<charset>UTF-8</charset>
		</encoder>
		<rollingPolicy class="ch.qos.logback.core.rolling.TimeBasedRollingPolicy">
			<fileNamePattern>./log/info-%d{yyyy-MM-dd}.%i.log
			</fileNamePattern>
			<TimeBasedFileNamingAndTriggeringPolicy
				class="ch.qos.logback.core.rolling.SizeAndTimeBasedFNATP">
				<maxFileSize>64MB</maxFileSize>
			</TimeBasedFileNamingAndTriggeringPolicy>
		</rollingPolicy>
		<filter class="ch.qos.logback.classic.filter.ThresholdFilter">
			<level>INFO</level>
		</filter>
		<prudent>true</prudent>
	</appender>
	<appender name="STDOUT" class="ch.qos.logback.core.ConsoleAppender">
		<encoder class="ch.qos.logback.classic.encoder.PatternLayoutEncoder">
			<pattern>[%-5level] [%date{yyyy-MM-dd HH:mm:ss}] [%thread]
				%logger{25} [%line] - %msg%n</pattern>
			<charset>UTF-8</charset>
		</encoder>
		<filter class="ch.qos.logback.classic.filter.ThresholdFilter">
			<level>DEBUG</level>
		</filter>
	</appender>

	<root level="INFO">
		<appender-ref ref="STDOUT" />
	</root>
  
	<logger name="org.springframework" level="INFO" />
	<logger name="org.hibernate" level="INFO" />
	<logger name="java.sql.Connection" level="INFO" />
	<logger name="java.sql.Statement" level="INFO" />
	<logger name="java.sql.PreparedStatement" level="INFO" />
	<logger name="java.sql.CallableStatement" level="INFO" />
	<logger name="java.sql.ResultSet" level="INFO" />
	<logger name="com.hwagain" level="INFO" />
</configuration>